"title","url"
"[태국 광고] 참신한 건강기능식품 광고. 다이어트 광고","https://www.youtube.com/watch?v=-cxkpwqM3pE"
"특허 프로바이오틱스_ 굿락투유","https://www.youtube.com/watch?v=-NGTb710f5Q"
"[TV CF] 서울대 SNU Formula 징코 알티지 오메가3 (30 ver.)","https://www.youtube.com/watch?v=-YF9-YVJZ0A"
"안국건강 - 안국 루테인 이서진 광고 영상 (촬영장편)","https://www.youtube.com/watch?v=-0Bvt1i1wbI"
"광고 msm 올바른 상품! 알려드려요 추천 TOP10","https://www.youtube.com/watch?v=-8zkHP1Hx3g"
"2021 간부터 당장! 얼라이브+밀크씨슬 6"" 엘리베이터편","https://www.youtube.com/watch?v=-IKQAYc70_Y"
"매일 나를 완성하는 비타민 💛 Live, Alive!","https://www.youtube.com/watch?v=-lI07tdROYY"
"아침마당 홍삼 | 제품 광고 영상_근무 편","https://www.youtube.com/watch?v=10ktZxHM5jU"
"[바노웰니스TV 댓글읽기] 비타민C 이렇게 드시면 안 됩니다! 멈춰야 할 최악의 섭취 습관","https://www.youtube.com/watch?v=11f-ktNhrvA"
"❤️추천 바나바잎 추출물 자연의 선물, 바나바잎 추출물로 건강한 일상 시작하세요! 🌿✨","https://www.youtube.com/watch?v=2kQToEiw8U4"
"[심의 담당자가 직접 알려주는 광고심의] 자율심의기구라고 들었는데 그건 뭔가요?","https://www.youtube.com/watch?v=1C0SLTXVIew"
"JW중외제약 포스트 프로바이오틱스 프롤린 모유 유산균 90g #유산균추천 #프로바이오틱스 #모유 #건강식품추천 #건강관리 #건강","https://www.youtube.com/watch?v=20iDzeEAvZU"
"[덴프스 X 공유] 식물성 rTG오메가3로 혈행을 건강하게 | 오메가3","https://www.youtube.com/watch?v=2R00Z7tbu1c"
"'루테인' 보다 좋은 영양제 있나요?  #루테인 #영양제추천 #한국안과 #안과상식","https://www.youtube.com/watch?v=-Ggmj_bHtnk"
"청인 루테인_청인 실리마린_청인 퓨어MSM","https://www.youtube.com/watch?v=2gBANzYTC5U"
"종근당건강 헬시칸 헬씨칸 밀크씨슬 로얄 간 건강 남성 밀크시슬 추출물 실리마린 중년 여자 남자 40대 50대 / 비타민C 증정, 6박스, 30정","https://www.youtube.com/watch?v=-wRaY7Ihoww"
"이런 칼슘 영양제는 오히려 건강에 치명적입니다. (칼슘 부작용, 복용법, 고르는법)","https://www.youtube.com/watch?v=0rhZQXYomK4"
"이병헌 프롬바이오 보스웰리아/ 홍삼스틱 CF광고 [2020/12]","https://www.youtube.com/watch?v=2MkgAKs1Js4"
"비타민 C '이렇게' 먹었더니 당뇨가 달아났다. 혈당 잡는 비타민 C 섭취법 (이왕재 박사 X 반재상 원장 1부)","https://www.youtube.com/watch?v=6TXGD9HgyrY"
"혈당관리 건기식 추천 🎶코로솔산 바나바잎 사용한 혈당건기식","https://www.youtube.com/watch?v=6_aqKKjvd1Q"
"[심의 담당자가 직접 알려주는 광고심의] 광고심의는 꼭 받아야 하나요?","https://www.youtube.com/watch?v=2qAF_P3hpt8"
"[koreaeundan_official] 2025_고려은단 프로바이오틱스 유산균 스페셜핏 광고_유재석","https://www.youtube.com/watch?v=2Bj1C-byXKQ"
"""나우푸드 멀레큐럴리 디스틸드 오메가3, 깨끗하고 순수한 오메가-3! 체내 흡수율 높은 고품질 오메가-3로 심혈관 건강을 지키세요. 믿을 수 있는 품질, 지금 바로 만나보세요!""","https://www.youtube.com/watch?v=3sAcAqvjIwM"
"루테인, 이제 먹지 말고 바르세요 #루테인아이세럼 I 아이솔브","https://www.youtube.com/watch?v=0i-kqQJRQBg"
"캐나다 옵티MSM 2000 OptiMSM MSM 엠에스엠, 60정, 1개","https://www.youtube.com/watch?v=3VHmE1_7PeA"
"[차병원그룹] CMG제약 간N 밀크씨슬 900mg 90정, 90정, 3개","https://www.youtube.com/watch?v=08aqMKw0nQI"
"신장 손상을 일으키는 비타민D? 안전하게 먹는 방법 (영양제부작용)","https://www.youtube.com/watch?v=0scjMTsS8s0"
"아침마당홍삼 홍보 동영상","https://www.youtube.com/watch?v=2aoUE7JD09U"
"이왕재 박사가 비타민C를 접한 계기는?ㅣ비타민C를 먹어야 하는 이유ㅣ이왕재 박사","https://www.youtube.com/watch?v=Abj528RqNlM"
"약사가 실제 섭취 중인 ""당뇨병""을 없애주는 영양제 (췌장을 살려주고 인슐린 저항성 개선, 혈액내 당을 조절하는 검증된 영양제 조합)","https://www.youtube.com/watch?v=6uuOd2MUogA"
"[미니막스랩] 우리아이 눈피로를 위한 어린이 건강기능식품(45s)","https://www.youtube.com/watch?v=IJK5lMIDoTk"
"커클랜드 프로바이오틱스","https://www.youtube.com/watch?v=436ydVBpAFQ"
"[프로메가] 대한민국 혈행건강에 책임을 다하다, 1등 오메가3 프로메가","https://www.youtube.com/watch?v=5DQFHGQyfgY"
"봄에는 이 영양제를 추가하세요 뉴트리원 루테인지아잔틴 164","https://www.youtube.com/watch?v=2R8244zJaWk"
"바름가 비타조이 - 관절영양제 MSM","https://www.youtube.com/watch?v=6lmMvZpjnrk"
"[koreaeundan_official] 2026_고려은단 퓨어밀크씨슬 광고","https://www.youtube.com/watch?v=0NRgAHydNro"
"(ENG)비타민D 효능부터 음식, 주사까지! 왜 우리는 비타민D가 필요할까요?","https://www.youtube.com/watch?v=12td8BmVXvg"
"홍삼 is 사이언스 | 정관장 홍삼 (30'')","https://www.youtube.com/watch?v=3-FAUAXKN8E"
"[30초] 2016년 오로나민C 광고! 전현무+홍진영","https://www.youtube.com/watch?v=DXHtn76KmdA"
"Tip. 식후혈당관리💘 바나바효과 바나바잎추천 메디트리 당당 혈당엔 바나바 바나바효과 바나바잎추천","https://www.youtube.com/watch?v=80HQVGcn2NY"
"[심의 담당자가 직접 알려주는 광고심의] 심의를 안받아도 되는 광고물?","https://www.youtube.com/watch?v=QvcWHJcOUas"
"[hy] 프로바이오틱스는 [균주번호]를 확인하고 드셔야죠!","https://www.youtube.com/watch?v=93OzItjnoSc"
"당신의 오메가3가 효과없었던 이유","https://www.youtube.com/watch?v=6rptcMq6EIo"
"루테인지아잔틴 광고_이서진","https://www.youtube.com/watch?v=2tXlqjI0SmE"
"관절 영양제 효과 점수는?","https://www.youtube.com/watch?v=7vMQj7jAw7Y"
"간을 회복 시키는 영양제 “이거” 드세요 (이상적인 배합의 간 영양제, 간해독, 항염증, 항산화)","https://www.youtube.com/watch?v=1XbgQW0EVO8"
"비타민D 용량이 중요한 이유","https://www.youtube.com/watch?v=5JBDbJ5gqZU"
"[광고 영상으로 한국어를 공부해 보세요]  참다한 홍삼 - 고현정 (영상+대본)","https://www.youtube.com/watch?v=38NfP0KHdIs"
"전문가 모셨습니다 | 이왕재 교수님 비타민C","https://www.youtube.com/watch?v=FKp8vY3raQk"
"듀얼 서포트 바나바잎 & 코큐텐 플러스 1,200mgx60캡슐","https://www.youtube.com/watch?v=81JTOSZD5eg"
"AI 가짜 의사가 의약품 광고까지…식약처·의협, 강경 대응 [9시 뉴스] / KBS  2025.09.23.","https://www.youtube.com/watch?v=SjmxowQ7f6Y"
"강아지 면역력 장건강 유산균 #닥터티드펫 프로바이오틱스 #반려견 #animals #광고","https://www.youtube.com/watch?v=9IKdjKfsp9M"
"GNM자연의품격 | 조정석 오메가3_하루 1,000 mg(6s)","https://www.youtube.com/watch?v=7-hSZR79FXU"
"[헬스인사이드] “눈에 시금치보다 좋아” 루테인-비타민A '보고' / 머니투데이방송","https://www.youtube.com/watch?v=3EUF-plUR_U"
"[그린스토어] 관절엔 플러스 l 고함량 MSM(엠에스엠)","https://www.youtube.com/watch?v=AZ4GdVmVv4o"
"광고 이거 진짜 강추 밀크씨슬 상품 추천순위 top10","https://www.youtube.com/watch?v=69PhSLP7LX0"
"뼈 건강 지켜주는 칼슘 많은 음식 5가지 #칼슘풍부음식 #멸치보다많은칼슘 #뼈건강 #골다공증예방 #다시마효능 #치즈효능 #참깨효능 #두부효능 #비타민D #100세건강비결","https://www.youtube.com/watch?v=5yB9M7snHe8"
"발효홍삼 발휘 _2022","https://www.youtube.com/watch?v=4s622UvgIVc"
"[koreaeundan_official] 2025_고려은단 비타민C1000 스파클링 제로 광고","https://www.youtube.com/watch?v=GYfGuv61N8Q"
"BNS 혈당엔 바나바 MASTER","https://www.youtube.com/watch?v=AKyDb1Yhaio"
"[건강기능식품 표시·광고 심의] 심의 신청 전 꼭! 봐야하는 영상","https://www.youtube.com/watch?v=V979AWEcq9o"
"[프로바이오틱스] 프로바이오틱스는 hy","https://www.youtube.com/watch?v=9yP90ulq99Y"
"더! 강력하게 더! 편안하게 알티지 오메가3 2X","https://www.youtube.com/watch?v=8Y11XOYO_9k"
"GNM 루테인 지아잔틴 아스타잔틴, 30정, 3개","https://www.youtube.com/watch?v=3Hf1lOTh7xg"
"러너의 영양제 추천 MSM과 마그네슘 #러닝 #영양제추천","https://www.youtube.com/watch?v=B4_7gjpmVH0"
"오늘부터꼬옥밀크씨슬 YTN광고","https://www.youtube.com/watch?v=72CP_vj2v_g"
"프로미스나인 - Vitamin ME [가사/Lyrics]","https://www.youtube.com/watch?v=7xkOIObYtp0"
"학생 맞춤 설계 홍삼 트리플 케어 ㅣ 정관장 아이패스 (15"")","https://www.youtube.com/watch?v=53YmXudMB-4"
"최고의 해외직구 비타민C 종류별로 뽑아봤어요. 그냥 이거 드시면 됩니다. (함량 테스트, 정제 가루 제형별, 일반 비타민C부터 특허원료까지)","https://www.youtube.com/watch?v=HOlz8Zr5RuM"
"[광고] 여에스더 혈당케어 포뮬러 바나바잎추출물 30정 12박스","https://www.youtube.com/watch?v=DCO0SpxOg14"
"디지털 마케팅 전략 | 광고심의 피하는 건강기능식품 마케팅 문구 완전정리 #건기식광고 #마케팅교육","https://www.youtube.com/watch?v=YyCkM5WcaGo"
"덴프스 덴마크 유산균이야기ㅣDENPS PROBIOTICS STORY","https://www.youtube.com/watch?v=A-xzz6E5zZM"
"오메가3? ""바이오강국 독일에서 답을 찾았죠.""  l 김희애 비타슈넬 알티지 오메가3 15's","https://www.youtube.com/watch?v=8hqG8DvGYmw"
"비바시티 맛있쏭 루테인_190520050","https://www.youtube.com/watch?v=3sL0aRfiu3U"
"77세 선우용여의 관절건강비법_메디트리MSM | 관절 연골 골다공증 발생위험감소 | 식이유황 옵티MSM","https://www.youtube.com/watch?v=CbrOAkqZlFM"
"우루사vs밀크씨슬? 정답은 이것!","https://www.youtube.com/watch?v=7nOwdhwzkZ8"
"""건강 망치는 칼슘제 부작용"" 하지만 이것과 같이 먹으면 부작용 없이 뼈가 튼튼해집니다(혈관, 칼슘침착, 혈관석회화, 동맥경화, 심근경색, 뇌졸중, 요로결석, 신장결석)","https://www.youtube.com/watch?v=8Ka57ZfXGYQ"
"대한홍삼건강백화점 창업 광고 2분","https://www.youtube.com/watch?v=6JzFSt7wWhs"
"항암치료 대신 비타민C 치료, 가능할까요?🙄","https://www.youtube.com/watch?v=I0PC6w9Nxgo"
"똑같을까? 다를까? | 빙그레 바나나맛우유 오리지널&무가당 (with 명재현, 태산 of BOYNEXTDOOR) (Full)","https://www.youtube.com/watch?v=EAcTDhAKQZc"
"[TVC] 자녀의 학업 고민, 김서형의 청소년건강기능식품으로 해결","https://www.youtube.com/watch?v=_Qw3oli7lgQ"
"[NEOGEN] 광고 OR 리얼 ?! ㅣNEW 프로바이오틱스 더블 액션 세럼 비하인드 영상","https://www.youtube.com/watch?v=AoKabTLacps"
"[프로메가]프로가 만든 오메가3, 프로메가(15'A)","https://www.youtube.com/watch?v=8rlh8WopDFc"
"[안국건강] 수박씨보다 작은 아이원 루테인지아잔틴 미니","https://www.youtube.com/watch?v=40OyEPJBj1E"
"옵티 MSM 2000","https://www.youtube.com/watch?v=EKtc3CTsY24"
"2021 간부터 당장! 얼라이브+밀크씨슬 15"" 엘리베이터+휴게실편","https://www.youtube.com/watch?v=8CuQ7PKGJa4"
"4편. 다이소 비타민D 먹어도 될까? 반전있음","https://www.youtube.com/watch?v=8rFAEWqRa6I"
"소중한 우리 아이의 첫 번째 면역 케어 키즈홍삼","https://www.youtube.com/watch?v=6gM5blzOb_4"
"비타민 영양제 삐콤씨 TVCF '1인 가구' 편","https://www.youtube.com/watch?v=JzWoRQe2eEc"
"체질별약국 다이어트성분🍊인스타그램 shinjiyeoun_alice 엄마손은 약사손 으로 오시면 더 많은 컨텐츠가 있어요~","https://www.youtube.com/watch?v=FeNBzeDM7X4"
"[건강기능식품 광고 아카이브] 장윤주가 선택한 시작이 다른 건강기능식품, 케이뉴트라","https://www.youtube.com/watch?v=_xU4zGf_wo8"
"[듀오락 프로바이오틱스] 유산균과 비타민을 한 번에!","https://www.youtube.com/watch?v=Bk5G5bVFpkY"
"하루엔진_오메가3 6S","https://www.youtube.com/watch?v=91XUu803Lek"
"루테인, 이제 먹지 말고 바르세요 #루테인아이세럼 I 아이솔브 / 15s","https://www.youtube.com/watch?v=5WCw-ahDTlE"
"MSM 식이유황 엠에스엠 글루코사민 비타민D 관절영양제 녹색잎홍합 상어연골 생선콜라겐 중장년 무릎건강 연골건강 식약처 인증, 120정, 4개","https://www.youtube.com/watch?v=Exz8q5cskO4"
"GNM자연의품격 l 조정석 TVC 밀크씨슬_대박~ (15s)","https://www.youtube.com/watch?v=8FJSDmQTA-k"
"비타민D 꼭 먹어야 하는 이유? l 비타민D 섭취 시 주의해야 할 5가지 l 닥터딩요","https://www.youtube.com/watch?v=8uGdf1k5BE8"
"농협홍삼 한삼인 23년 설맞이 특별전","https://www.youtube.com/watch?v=9-v2Za2FNJ0"
"""이왕재 박사의 간절한 조언"" 대장암 씨말리고 싶다면 비타민c 먹는 시간만 '이때'로 바꿔보세요. 발암물질 대변으로 쫙 내보내고 암세포까지 씻겨낸다 (이왕재, 반재상 원장 2부)","https://www.youtube.com/watch?v=LKAIWjqHkb0"
"혈당 잡는 베르베린 이런 분은 절대 드시지 마세요! (당뇨,혈당)","https://www.youtube.com/watch?v=FizXnn9oPdU"
"동화약품 건강기능식품 마그랩(MgLAB) TVC l 포 스트레스_15s A","https://www.youtube.com/watch?v=ienXkYUtfrI"
"프로바이오틱스 SEVEN","https://www.youtube.com/watch?v=CO_qOXvg9nA"
"[번역/자막] 오메가 마트 (Omega Mart) 광고 모음","https://www.youtube.com/watch?v=BC7LP2HDlug"
"[W쇼핑] 눈 건강을 위한 루테인지아잔틴, 왜 선택해야 할까요?","https://www.youtube.com/watch?v=5pfh5TsnDWc"
"글루코사민, MSM 광고에 속지 마세요! '이 음식' 3가지가 관절 염증에 100배 낫습니다 (의사 추천) #관절에좋은음식 #관절염에좋은음식 #관절영양제 #글루코사민 #MSM","https://www.youtube.com/watch?v=GzA_Yg6fb0o"
"[얼라이브] 간 건강도 쌩쌩하게 | 원스데일리+밀크씨슬","https://www.youtube.com/watch?v=A75TslF3ssU"
"골다공증 환자가 알아야 할 칼슘,비타민D 복용 설명서 #골다공증 #칼슘 #비타민D","https://www.youtube.com/watch?v=A9N2IEB-6aM"
"아침마당 홍삼 | 제품 광고영상_퇴근 편","https://www.youtube.com/watch?v=BHWDvQGZLXI"
"[올데이 비타민 C 플러스] 제품영상","https://www.youtube.com/watch?v=Ln7RKrowP_U"
"이거 하루에 한번 챙겨드시면 혈당이 정상화되어 당뇨병이 얼씬도 못합니다 (당뇨병 영양제 합본 영상)","https://www.youtube.com/watch?v=GiAxiGgXt_E"
"[건기식 광고 아카이브] 당신의 건강을 케어하는 건, 고함량 유산균 바이오코어","https://www.youtube.com/watch?v=klDlvwWJQk0"
"드시모네 프로바이오틱스 베이비스텝2 + 쇼핑백","https://www.youtube.com/watch?v=CqYB82UyiE0"
"광고❌,피부 망치는 오메가3 특징 #여드름 #오메가3","https://www.youtube.com/watch?v=CO5PB6Mnx34"
"아이클리어 루테인지아잔틴 아스타잔틴, 30정, 1개","https://www.youtube.com/watch?v=5ykRFN8-k8s"
"정형외과 전문의 추천 요즘 대세 관절영양제?! #MSM #글루코사민 #콘드로이친","https://www.youtube.com/watch?v=H2i-01_0V-M"
"광고방송 종근당 건강 밀크씨슬","https://www.youtube.com/watch?v=ApXx2RjwSPk"
"여성에게 비타민D(햇볕 쬐기)가 부족하면 생기는 3가지 증상!","https://www.youtube.com/watch?v=B1KlxUfJBR8"
"아침마당 홍삼 | 제품 광고영상_공부 편","https://www.youtube.com/watch?v=Dgw_cJpYBE4"
"[koreaeundan_official]  2016 고려은단 비타민C 1000 & 마시는 고려은단 비타민C 1000 CF - 유재석 ""대세비타민""편","https://www.youtube.com/watch?v=PwPKEHvADw8"
"이미 당뇨에 걸렸어도, 전단계당뇨도 가장 빠르고 확실하게 해결하는 1가지! 제대로 먹는 법을 꼭 알아 놓으세요! 당뇨병이 얼씬도 못합니다","https://www.youtube.com/watch?v=HmLpdNKoT_o"
"면역증진 건강 기능 식품, 면역엔 뮤닝!","https://www.youtube.com/watch?v=nI4f2QS3tns"
"잘 누는 우리아이 유산균, 쎌티아이 키즈","https://www.youtube.com/watch?v=Fvfp6A1c9j4"
"Dr Lean X 송중기 '초임계 알티지rTG 오메가3' 30S 2021","https://www.youtube.com/watch?v=Drq2wxTS6fM"
"하루 중 눈이 일하는 시간은? 더 늦기 전에 아이클리어!_15s","https://www.youtube.com/watch?v=6EwlUo17xzo"
"MSM의 기적(MSM의 기적은 MSM의 기력입니다) 엠에스엠의 모든것을 알려드립니다.","https://www.youtube.com/watch?v=Jz6cJLackug"
"피로는 간때문인데... 밀크씨슬 효과가 없다구요?!","https://www.youtube.com/watch?v=EY1mHai2hbc"
"2025년 비타민D Best 3!! 약사가 딱 골라드립니다","https://www.youtube.com/watch?v=CN7XJvyjRbA"
"참다한 홍삼 광고","https://www.youtube.com/watch?v=EHLqYW-BKFw"
"미리미리미리~~ CF 광고 유재석 마시는 고려은단 비타민C 1000 : 통합 편 30s 2018","https://www.youtube.com/watch?v=PyfQ1P9Z8LU"
"[광고] 2026년 가성비 바나바잎 추천 TOP5","https://www.youtube.com/watch?v=JiY6p7kN7Kk"
"네이처메이드 2025 비타민C 구미 캠페인","https://www.youtube.com/watch?v=p9qzLPv1igA"
"[hy] 확신은 [균주번호] 확인으로부터! 너의 프로바이오틱스에는 균주번호가 있니?","https://www.youtube.com/watch?v=I-yW5SboqbY"
"[VAP] 혈행마스터 아쿠아셀 오메가3 15’ | 혈행마스터 애니메이션","https://www.youtube.com/watch?v=G_aDJ87OSWA"
"[블랙모어스] 슈퍼루테인비전 한혜진 30초","https://www.youtube.com/watch?v=7En4IiOqgxc"
"올댓뮤즈 진지희 관절영양제MSM_플러스네이처 식물성 MSM100% (광고포함)","https://www.youtube.com/watch?v=K3SnM_ENDZE"
"[얼라이브+밀크씨슬] 간부터 당장! 얼라이브+밀크씨슬 6"" 사무실편B","https://www.youtube.com/watch?v=Ei3Z6j6gSlQ"
"""골다공증, 인간만 걸리는 희귀병"" 칼슘부족 아닌 비타민D와 K2 결핍이 문제! 뼈에 좋은 계란+고기+영양제 추천. 골밀도 수치 쑥! 골절,약 주사 부작용없이 100세 뼈튼튼 비법","https://www.youtube.com/watch?v=Crh5XW96R58"
"23년 농협홍삼 한삼인 신규 TV광고","https://www.youtube.com/watch?v=FkfY1cag-UA"
"15년간 매일 비타민C 고용량으로 먹고 알게 된 놀라운 효과 (유혜미 원장)","https://www.youtube.com/watch?v=QhtJ4RuDXGk"
"【바나바잎 추출물】 당뇨를 무찌를 특급 비책🤩 TV CHOSUN 230929 방송 | [굿모닝 정보세상] 907회 | TV조선","https://www.youtube.com/watch?v=KNoDvcpyLE8"
"건강기능식품 탄생 20주년 어떤 게 달라졌을까?💊 | 알아두면 밥이 되고 약이 되는 지식교약 2화","https://www.youtube.com/watch?v=pXLIuJJyuOs"
"[프로바이오틱스] 프로바이오틱스는 hy","https://www.youtube.com/watch?v=I09dxKgDOfo"
"애터미 알티지 오메가3","https://www.youtube.com/watch?v=Gl7-zKA-GwI"
"여에스더 루테인 & 지아잔틴 눈 (+본사 정품 쇼핑백), 30정, 3개","https://www.youtube.com/watch?v=9cjLGJgmLF8"
"#MSM 2편 식이유황 고르는 방법과 3대 원료사 | 복용법과 같이 먹으면 좋은 영양제","https://www.youtube.com/watch?v=Kkw8CWzRLas"
"얼라이브 원스데일리 + 밀크씨슬","https://www.youtube.com/watch?v=FavUW-Kh-BE"
"비타민 서빈이 처음으로 광고 모델이 됐습니다 촬영이 너무 떨려서 한마디도 못했다구요? 무슨일이 있었을까요? 촬영현장 브이로그｜클레버TV","https://www.youtube.com/watch?v=Ct1QbfQTJ2I"
"광고 홍삼 상품평이 좋은! 알려드려요 추천 TOP10","https://www.youtube.com/watch?v=Gx-roDJ7PcQ"
"[장나라 광고] 메리트C 메리트C산 3,000mg_15초","https://www.youtube.com/watch?v=Qn0R5CD2ocY"
"바나바잎 차로 마시기 (당뇨에 진짜 좋은거 맞나요?) - 22.06.07.","https://www.youtube.com/watch?v=ND_V0mXSRno"
"[뉴트리코어] 2024 브랜딩 캠페인 광고 영상 (최민식, 윤여정, 건강기능식품)","https://www.youtube.com/watch?v=tPcH8NIKT1Q"
"ASMR BTS 아리 듀얼 바이오틱 소다 유산균 탄산음료 완샷 먹방 BTS ARIH Dual Biotic Soda Probiotics Drink Chug Mukbang","https://www.youtube.com/watch?v=IBpEhXCzjjk"
"이정재 프로메가 알티지 오메가3 CF광고 [2019.11]","https://www.youtube.com/watch?v=HQ53zbkG_e8"
"안국건강 안국 루테인지아잔틴 미니","https://www.youtube.com/watch?v=9rpvyHBKo9M"
"[영양제 리뷰23] 가성비 최고 MSM 제품 추천, 가루형, 알약형 모두 꼽아봤습니다. 고민말고 이걸로 드세요. (아이허브, 쿠팡파트너스 광고 활동 포함)","https://www.youtube.com/watch?v=N1i496BfOUQ"
"굿케어 옥타코사놀 밀크씨슬 프리미엄 골드: 하루 한 알로 넘치는 활력!","https://www.youtube.com/watch?v=H0OdxQAz9RM"
"골다공증 예방에 좋은 칼슘제 추천합니다!💊 ｜칼슘제 BEST 3 추천ㅣ몸짱약사 민재원이 직접 알려주는 바로 이거약👍🏻","https://www.youtube.com/watch?v=Dw3esa1lw48"
"광고 정관장홍삼원 핫! 아이템! 추천해요! 추천 TOP10","https://www.youtube.com/watch?v=Hf1RvHGYKo4"
"(광고❌) 의사만 아는 비타민c 화장품 바르는 방법이 따로 있다?!ㅣ그렇게 바르면 효과 하나도 없습니다.","https://www.youtube.com/watch?v=SsU83PU-tKk"
"혈당 조절의 끝판왕! 바나바잎의 효능 (바나나❌)","https://www.youtube.com/watch?v=NvKVGySo4YA"
"[건강기능식품 광고 아카이브] 센트룸, 영양은 멀티풀 인생은 컬러풀","https://www.youtube.com/watch?v=uP9U2sNayT0"
"백프로바이오틱스 | 허리유산균","https://www.youtube.com/watch?v=ILOIfpHSXeI"
"오메가3? ""바이오강국 독일에서 답을 찾았죠.""  l 김희애 비타슈넬 알티지 오메가3 45's","https://www.youtube.com/watch?v=Hebm4enebuM"
"2021 루테인 지아잔틴 164","https://www.youtube.com/watch?v=9xWAe5EVi98"
"MSM 놀라운 효과와 알려지지 않은 부작용에 대해","https://www.youtube.com/watch?v=NKI_ZUP2K2M"
"간 건강 생각한다면, 뉴트리네이처 간에좋은 밀크씨슬","https://www.youtube.com/watch?v=KTg34Px-Dac"
"[영양제리뷰30] 가성비 최고 칼마디 복합제 1등 추천, 칼슘제 영양제 이걸로 드셔보세요! (아이허브, 쿠팡파트너스 광고활동 포함)","https://www.youtube.com/watch?v=EmSAo14Zei0"
"갑자기 홍삼을 팔기 시작한 대형유튜버들","https://www.youtube.com/watch?v=I-PqLPwu_VU"
"(광고 ❌) 비타민C 흡수율 높여 잔주름 기미 잡티 싹 다 잡는 방법 | 피부과 의사들 사이에 입소문난 비타민C 앰플","https://www.youtube.com/watch?v=UdYy8-vi9EQ"
"최저가! 핫딜! ( 바나바잎 ) Top 5 추천","https://www.youtube.com/watch?v=OTeW-E_H_bM"
"[건기식 광고 아카이브] 이지멜트 공법 덴마크 프리미엄 눈꽃 유산균!","https://www.youtube.com/watch?v=wJVQVtZrXA8"
"[듀오락 TVCF] 균손실에서 살아남은 생존력 강한 유산균, 듀오락ㅣDUOLAC X KANG JI YEONG 30"" TVCF","https://www.youtube.com/watch?v=L8ID60woGqc"
"Explore the Magic of OMEGA’s Movements | OMEGA","https://www.youtube.com/watch?v=IQhnNnYl8sg"
"정우성이 선택한 눈 영양제는? │ 뉴트리원 루테인지아잔틴164","https://www.youtube.com/watch?v=BYfLFgblezo"
"ORPHIC NUTRITION 글루코사민 콘드로이틴 MSM 2100MG 90캡슐 남성 및 여성을 위한 관절 지원 보충제 연골 유연성","https://www.youtube.com/watch?v=SDp7uvQVo_o"
"[얼라이브+밀크씨슬] 간부터 당장! 얼라이브+밀크씨슬 15"" 휴게실편","https://www.youtube.com/watch?v=MTCcofHX9Sk"
"칼슘 영양제 따로 먹어야 할까? #shorts","https://www.youtube.com/watch?v=Esf60RvLyBY"
"[농협홍삼 한삼인X박보영] 아끼는 사람도, 소중한 나도 한삼인으로 챙기세요 (30"")","https://www.youtube.com/watch?v=IFy7ViXJDwo"
"""전부 틀렸습니다..."" 비타민C 이렇게 바르면 300% 효과 제대로 보실 수 있습니다","https://www.youtube.com/watch?v=Xu_-nU3Ao4g"
"BNS 혈당엔 바나바 혈당관리 바나바잎 추출물 아연 비타민 B1 영양제 12개월분","https://www.youtube.com/watch?v=Phrb198ghJI"
"엉터리 SNS 건강기능식품 광고, 무법천지 된 이유 / KBS 2024.10.02.","https://www.youtube.com/watch?v=yGCChPauiGM"
"한지민 PLAN 100 프로바이오틱스 CF광고 [2020/07]","https://www.youtube.com/watch?v=MS2PxLQdKKA"
"[부산우유] 오메가3우유 (D.A.E 15 CF) (김선영 CF)","https://www.youtube.com/watch?v=L_het-pMA98"
"휴럼 아이편안 루테인지아잔틴 10박스 총 300캡슐, 10개월분   GS SHOP","https://www.youtube.com/watch?v=BreFh0ffGLw"
"당신의 관절을 위한 식물성 MSM #msm #제너럴밸런스 #지쿱 #gcoop","https://www.youtube.com/watch?v=SzmqQPWhnZ4"
"[밀크씨슬] - 뉴트리디데이 프리미엄 밀크씨슬 골드 #shorts #건강기능식품","https://www.youtube.com/watch?v=NL3NU5DBXmI"
"[15그램] 조아제약 멀티비타민 미네랄 구미 #컨셉필름 #광고","https://www.youtube.com/watch?v=F9fOHIrvyBA"
"홍삼 광고","https://www.youtube.com/watch?v=KFDC4PTJ540"
"이왕재 박사가 추천하는 비타민C 하루 권장 섭취량","https://www.youtube.com/watch?v=ZlAYzXsW22I"
"제품리뷰✨다이소 다이어트보조제?!진짜 좋을까🔥내돈내산후기,다이소추천템","https://www.youtube.com/watch?v=WGOUpIw5Omc"
"Full AI로 제작한 건강기능식품 제품 광고 영상","https://www.youtube.com/watch?v=zDR7jYZpfBo"
"긴버전프로바이오틱스10플러스 광고","https://www.youtube.com/watch?v=Sp5LQDELBxk"
"다 같은 오메가3가 아닙니다","https://www.youtube.com/watch?v=NGcb9O846hM"
"안과의사가 말해주는 #눈영양제 의 진실 #루테인 #오메가3 #지아잔틴","https://www.youtube.com/watch?v=CCe3P29SUGw"
"광고 프리미엄 MSM 관절 연골 건강","https://www.youtube.com/watch?v=T5ASWhbau8M"
"굿케어 옥타코사놀 밀크씨슬 프리미엄 골드 YTN 광고","https://www.youtube.com/watch?v=QKrWov_3LsE"
"비타민D 섭취 중단해야하는 부작용 신호, 비타민D 주사 vs 경구 섭취 어떤게 나을까요? (비타민D 몰아보기)","https://www.youtube.com/watch?v=G7P8RakVtS8"
"ONE for ALL, 홍삼 is 사이언스ㅣ정관장 홍삼 (50’’)","https://www.youtube.com/watch?v=LrkaUewexrY"
"[koreaeundan_official]  2019_마시는 고려은단 비타민C 1000 광고 -로켓편] 피로가 쌓이기전, 미리미리 천미리45""","https://www.youtube.com/watch?v=Zwj4aDRQWUs"
"닥터엠 당N 500ml 바나바잎 추출물 차 음료 기능성표시식품, 500ml, 20개","https://www.youtube.com/watch?v=WPXsyiRm62w"
"FromBIO 관절 연골 보스웰리아 850mg 건강기능식품, 30정, 5개","https://www.youtube.com/watch?v=2mpvUe_8xuk"
"세노비스 프로바이오틱스 TV광고 20","https://www.youtube.com/watch?v=Ts0y5vJ4qYA"
"익스트림 한 남자 김종국이 추천하는 오메가 3","https://www.youtube.com/watch?v=OGk1KkvFp_A"
"뉴트리디데이 프리미엄 루테인 골드, 90정, 2개  #눈피로 #루테인골드 #눈건강 #하루한알 #눈보호 #뉴트리디데이","https://www.youtube.com/watch?v=CNIyJWPy9CE"
"(광고) 부모님께 필요한 건 따로있죠- 옵티MSM 관절영양제 관절연골 통증염증 #추석선물추천 #부모님선물 #관절영양제  #KFDA인증 #추석건강선물 #재구매율높은제품 #명절선물추천","https://www.youtube.com/watch?v=UmJDwZk47yY"
"뉴트리돔 밀크씨슬(간 영양제)","https://www.youtube.com/watch?v=Qy3qdOw5Nac"
"[AI영상]하루한포 액상 칼마디 데이 칼슘 마그네슘","https://www.youtube.com/watch?v=Gc0b5hpZldE"
"아침마당 홍삼 | 브랜드 광고 영상","https://www.youtube.com/watch?v=O98LFJqxzbc"
"영양제는 정신적 자기위로에 불과한 것인가?! 특히 비타민C 메가도스(플라시보 끝판왕)🤔🤔","https://www.youtube.com/watch?v=_1CaCeyYMsk"
"치맥 먹기전 Banaba Omega-3 Complex, 바나바,바나바잎, 바나바추출물,혈당,당뇨병,당뇨,당화혈색소,혈행,혈액순환,콜레스테롤","https://www.youtube.com/watch?v=XhCBe-eEVMM"
"[건물보] 건강기능식품 표시· 광고 심의는 어떻게 이루어질까요?","https://www.youtube.com/watch?v=3mBcpJpdVVc"
"#shorts 장건강에 탁월한 G4000 프로바이오틱스","https://www.youtube.com/watch?v=VABlVWjX9t4"
"GNM자연의품격 | 조정석 오메가3_잘나가는 오메가3의 자격(15s)","https://www.youtube.com/watch?v=R7Ge8dzdhc4"
"뉴트리원 루테인 지아잔틴 164, 50정, 25g, 3개","https://www.youtube.com/watch?v=DRQslQWxbUY"
"MSM 유기유황 스킨케어 활용법 총정리 Q&A 주름 개선, 피부 미백, 여드름, 탈모 완화에 정말 효과 있을까? MSM 식이유황 사용법, 부작용, 활용팁, 홈케어 피부관리법","https://www.youtube.com/watch?v=V5lNSr7lCjU"
"굿케어 옥타코사놀 밀크씨슬 광고분ep1","https://www.youtube.com/watch?v=TPOAZT8yQY8"
"비타민 D 잘못 먹으면 큰일 나는 이유","https://www.youtube.com/watch?v=HPEvjAYRBFY"
"교묘한 홍삼 광고, 제대로 알고 고르세요! #팩트체크","https://www.youtube.com/watch?v=RBmscHywnzo"
"[LIVE]  이왕재 박사의 9월 비타민C 라이브 방송~!","https://www.youtube.com/watch?v=cPVdDp5GWaA"
"바나바 잎의 효능 13가지(2)","https://www.youtube.com/watch?v=aLE5F98Zeb8"
"""효소식품, 건강기능식품 아닙니다""…유산균 표시도 미흡 / 연합뉴스TV (YonhapnewsTV)","https://www.youtube.com/watch?v=4TtRK2cxYQI"
"[BNRThin 비에날씬] 다이어트 유산균의 표준, 비에날씬ㅣTVC 2026ㅣ30sㅣAceBiome","https://www.youtube.com/watch?v=VLtStsctLQU"
"Promega 리얼 오메가3","https://www.youtube.com/watch?v=SXa6qF3hzEU"
"[광고] 꼭 필요한 눈 영양제! 아이클리어 루테인지아잔틴","https://www.youtube.com/watch?v=HFxie5k2eco"
"필리서치 옵티머스트 OPTI MSM 99.9% 관절 건강기능식품 90정","https://www.youtube.com/watch?v=X0jCGgzhae0"
"2021 간부터 당장! 얼라이브+밀크씨슬 6"" 사무실편A","https://www.youtube.com/watch?v=VofMQmsFxhE"
"비타민D 섭취 시 주의할 점 5가지(서울백병원 박현아 교수)","https://www.youtube.com/watch?v=HaL4uPGOcOM"
"천제명홍삼 CF 추억의 광고","https://www.youtube.com/watch?v=Rq3p_MUgCO0"
"“비타민C '이것' 알고 드세요” 영양제로 염증 못 잡습니다! 의사도 암에 걸리는 이유! 만성염증의 원인 찾는 방법 (서울대병원 이승훈 교수)","https://www.youtube.com/watch?v=cx-BVOSIdHM"
"혈관 건강을 돕는 당뇨 저격수 ‘바나바잎’ TV CHOSUN 230825 방송  | [굿모닝 정보세상] 887회 | TV조선","https://www.youtube.com/watch?v=dZZejuM-zlM"
"[건기식 광고 아카이브] 건강&다이어트 성공 비결 궁금해? 지금 바로 ""유사나""를 검색해봐!","https://www.youtube.com/watch?v=7bCseJeCsgw"
"[유료광고 포함] 유산균 뭘 드셔야 할지 고민이시면 이거 드시면 됩니다. 가성비부터 최고품질의 유산균까지 (특별한 성분의 유산균)","https://www.youtube.com/watch?v=Wf8Lfxe8OCQ"
"애플 광고 음악은 얼마를 받는가?","https://www.youtube.com/watch?v=VGYZEhFSRe4"
"어느 날 눈에서 이상한 게 튀어나왔다_루테인지아잔틴164AX","https://www.youtube.com/watch?v=IDAK_qBMhYk"
"좋은 MSM에 고르는 방법! 엠에스엠 아무거나 추천 못하는 이유! 건강식품은 신중해야 합니다","https://www.youtube.com/watch?v=Y9dd4G8uCNU"
"2021 간부터 당장! 얼라이브+밀크씨슬 9"" 테이블편","https://www.youtube.com/watch?v=Z7wgkJUI4vA"
"비타민 D가 부족하면 생기는 5가지 무서운 변화 😱 ㅣ비타민 D 결핍 증상 ㅣ 비타민 D 부족 ㅣ 골다공증 ㅣ 면역력 ㅣ 혈당 관리 ㅣ 혈압 관리 ㅣ 우울감 ㅣ 불면 ㅣ 저칼슘혈증","https://www.youtube.com/watch?v=HdfXAhd5obk"
"[광고1] 참다한 홍삼 - 고현정 (대본)","https://www.youtube.com/watch?v=Uxtqw4gap6M"
"비타민C 박사 이왕재 교수의 비타민C 이야기, 그 첫번째 [바노바기 건행쇼 1화]","https://www.youtube.com/watch?v=eJbp5Jlw9yo"
"(광고)혈당 때문에 당황하세요? 바나바면 당당합니다!","https://www.youtube.com/watch?v=elxXGc0Yqco"
"[판결록] 실제 사례로 본 건강기능식품 불법 광고 유형","https://www.youtube.com/watch?v=7fD0pZ9on7Q"
"박미선이 선택한 갱년기유산균 구매율 1위! 메노락토 프로바이오틱스","https://www.youtube.com/watch?v=ZiHnof9A28Y"
"고려은단 퓨어 알티지 rTG 오메가3 이지 60캡슐 (401mg), 60정, 6개","https://www.youtube.com/watch?v=W52J7OZNF8Y"
"뉴트리원 루테인 지아잔틴 164 알티지 오메가3 (병 포장), 100정, 3개","https://www.youtube.com/watch?v=Iv7oknydaho"
"[koreaeundan_official] 2026_고려은단 관절올케어 콘드로이친ㆍMSMㆍNAG","https://www.youtube.com/watch?v=Z3SBdiibF_o"
"[얼라이브+밀크씨슬] 간부터 당장! 얼라이브+밀크씨슬 6"" 휴게실편","https://www.youtube.com/watch?v=ZUvY4H1f7Xs"
"서울우유 면역탄탄 칼슘 아연 비타민d 젤리스틱","https://www.youtube.com/watch?v=LGDnFYgymEQ"
"정관장이 만든 남자의 홍삼, 올칸","https://www.youtube.com/watch?v=VJN1JWqixMQ"
"고려은단 비타민c 1000 스파클링 제로","https://www.youtube.com/watch?v=eS4BQF-V4Wo"
"공복 혈당을 낮추고 당뇨병을 예방 하는 최고의 영양제?! 190만 약사 유투버 실제 먹고 있는 영양제","https://www.youtube.com/watch?v=fh0PgyYBkAU"
"[건물보] '소비자를 기만하는 표시 또는 광고’의 판단 기준은?","https://www.youtube.com/watch?v=AKlokR1aKqY"
"프로가 ONE하는 ONE통 유산균 '프로바이오틱스 얼티밋'","https://www.youtube.com/watch?v=Zq2HvxT5uFs"
"[1등 오메가3] 프로메가 2023 NEW CF 메이킹 필름 (w.조인성)","https://www.youtube.com/watch?v=WMgni6flcqM"
"안국건강 - 안국 루테인 이서진 광고 CF (촬영장편 15초)","https://www.youtube.com/watch?v=J9TlCObJZ_Y"
"MSM, 관절영양제 중 체감이 큰 이유","https://www.youtube.com/watch?v=Zk5p5QJ3QJA"
"[선택하라] 밀크씨슬9, 술고래를 위한 ver.","https://www.youtube.com/watch?v=aCqm4m4jO8s"
"비타민D, 음식 vs 영양제","https://www.youtube.com/watch?v=NO_EoW2vvew"
"홍삼 CF - 홍삼의신비 편 (1994)","https://www.youtube.com/watch?v=VL0QCFGbknM"
"[koreaeundan_official] 비타민 꽉! 기운 팍! 마시는 고려은단 비타민C 1000.유재석","https://www.youtube.com/watch?v=g1Uz3wIPLtU"
"당뇨&고혈압으로 유발되는 염증 예방에 좋은 「바나바잎」 TV CHOSUN 221220 방송 | [굿모닝 정보세상] 747회 | TV조선","https://www.youtube.com/watch?v=hM1Uby0ZZi0"
"건강식품과 건강기능식품의 차이는? #shorts","https://www.youtube.com/watch?v=C99MbUttKnM"
"생균전문관리유산균 셀티아이 TVCF [아이편] 30""","https://www.youtube.com/watch?v=b-Iy9nGtFus"
"[건기식 광고 아카이브] 오메~ 작고 신선해! 아이메가 rTG 오메가3 미니","https://www.youtube.com/watch?v=_MNYBmy24nk"
"정우성이 선택한 뉴트리원 루테인지아잔틴164로!","https://www.youtube.com/watch?v=LxuL9MwWRU4"
"하루100원대 약사추천 최강가성비 영양제","https://www.youtube.com/watch?v=ZujuFGhKKAw"
"[광고] 종근당건강 헬씨칸 밀크씨슬 영양제","https://www.youtube.com/watch?v=bsHcbGd0yLg"
"햇빛에 얼마간 노출되면 비타민D가 만들어질까? #1분건강","https://www.youtube.com/watch?v=O1PNDiyV0Bg"
"손태진- 태진님 첫 광고 축하드립니다.(태진님도 hy발휘 발효홍삼도 대박나시길~)🧡","https://www.youtube.com/watch?v=Wjvhtkbv0Do"
"[koreaeundan_official] 고려은단 비타민C 하나를 먹어도 제대로! - 고려은단비타민C1000.유재석","https://www.youtube.com/watch?v=ibzN_kNSftI"
"비나이다 혈당케어 바나바잎 카무트효소 다이어트 식후 혈당관리 영양제, 60정, 2개","https://www.youtube.com/watch?v=k9HPaTy2jAc"
"식약청 - 건강기능식품 캠페인 CF","https://www.youtube.com/watch?v=CO4qfhHDIZo"
"뉴트루 우먼 프로바이오틱스 여성 임산부 독일제조 유산균, 1병(30일), 30정, 1개","https://www.youtube.com/watch?v=buTGxnCq4lY"
"[koreaeundan_official] 2025_고려은단 식물성 오메가3 시리즈 광고_유재석_30","https://www.youtube.com/watch?v=__ElznvtLdE"
"(광고)일양약품 눈건강 루테인 골드!!!💊","https://www.youtube.com/watch?v=MWx5nDT8pDk"
"미스미네랄 MSM 콜라겐 바디워시","https://www.youtube.com/watch?v=_PWNqecS_2Q"
"GNCHERBALPLUS 밀크씨슬, 60정, 1개","https://www.youtube.com/watch?v=cX8F8EeOMq8"
"뼈 건강, 피로 회복에 필수적인 직구 칼슘 마그네슘. 이 제품으로 고르시면 고민 끝입니다","https://www.youtube.com/watch?v=OMHvZFP5KAw"
"농협홍삼 한삼인 남궁민 TV광고","https://www.youtube.com/watch?v=_4u1GCNQ0zo"
"[koreaeundan_official] 2023 고려은단 비타민C 1000 광고_단골손님 편_유재석_30s","https://www.youtube.com/watch?v=l9l353eNlY8"
"치맥먹고 혈당조절 건강기능식품 웰니스바나바 노주현 CF출연,당뇨,당뇨병,바나바,혈당,혈당조절,바나바잎추출물","https://www.youtube.com/watch?v=m3LOPmMjnpE"
"네이버쇼핑에서 삽니다. 건강기능식품은 꼭. #shorts","https://www.youtube.com/watch?v=EAxnUAixD_g"
"고려은단 프로바이오틱스 유산균 스페셜팃 30정 3개.#고려은단 #프로바이오틱스 #유산균 #장건강 #건강관리 #유익균 #면역력","https://www.youtube.com/watch?v=cRI-xo48mcI"
"리브펫 오메가3로 호강하는 대박이 #광고 #리브펫오메가3 #식물성오메가","https://www.youtube.com/watch?v=_fxLvqwpNGk"
"이런 분들은 루테인 절대 드시면 안 됩니다. #shorts","https://www.youtube.com/watch?v=N8ZLStPZKlI"
"#MSM 1편 왜 뉴욕타임즈는 MSM을 극찬했을까? 엠에스엠 효능 바로알기!","https://www.youtube.com/watch?v=_s703PYpU6Q"
"우루사 vs 밀크씨슬. 약사의 선택은? (상담실화) #shorts","https://www.youtube.com/watch?v=eJbv1XVql8I"
"골다공증 비타민D를 추천하지 않는 사람들 #칼슘제 #비타민D3 #비타민K2 #갱년기영양제","https://www.youtube.com/watch?v=Oc-iNpT7t18"
"[영양제 리뷰62] 육체 피로, 면역력 때문에 정관장 홍삼 스틱 찾으세요? 국내 홍삼 스틱 49종 비교 후 가성비 1등 뽑아드렸어요.(쿠팡파트너스, 아이허브 광고활동 포함)","https://www.youtube.com/watch?v=bKoSwUM7W4E"
"비타민 C 그래서 얼마나 맞아야 하나요?","https://www.youtube.com/watch?v=lLq6biB2CQs"
"애터미 혈당케어 바나바 홍삼","https://www.youtube.com/watch?v=mGso1Ei1MIg"
"[유니콘트로피] 쿨하게 변하자! 건강기능식품 쿨변 광고 15s (feat.배우 이규한)","https://www.youtube.com/watch?v=FdAyfXQ7jrY"
"유산균 섭취 당장 중단해야 하는 위험신호는? (유산균 다빈도 질문)","https://www.youtube.com/watch?v=cWicr87Jn-A"
"닥터린 하이퍼셀 알티지 오메가3","https://www.youtube.com/watch?v=cFElF5ncUtk"
"GNM자연의품격 | 조정석 루테인_눈을 위한 풀코스(15s)","https://www.youtube.com/watch?v=NUsjW5_YXcs"
"MSM 관절영양제 이렇게 고르십시요(염증, 관절통, 탈모, 피부건강에도 개선 효과)","https://www.youtube.com/watch?v=b3JnZvhTuVo"
"대웅제약 에너씨슬 밀크씨슬, 60정, 2개","https://www.youtube.com/watch?v=eliz4irOChY"
"의사가 직접 고른 영양제 2가지 | 쏜리서치 S.A.T, 칼슘 마그네슘","https://www.youtube.com/watch?v=PQPEy-7FBZw"
"베트남 하노이 번화가에서 아침마당홍삼 전광판 광고중","https://www.youtube.com/watch?v=bcj3CLBkg5U"
"현직 의사가 말하는 비타민c메가도스 복용방법? #메가도스","https://www.youtube.com/watch?v=lqb6M6ZvI_Q"
"일양약품 혈당건강 바나바리프 식후 혈당케어, 60정, 3개","https://www.youtube.com/watch?v=mTVnYCElFYs"
"디지털 마케팅 전략 | 건강기능식품(건기식) 광고 성공하는 절대 전략 알려드립니다! #마케팅교육 #건기식광고","https://www.youtube.com/watch?v=HqZxk62WMS4"
"위건강에는..?? 윌작약 #에치와이 #프로바이오틱스 #위건강","https://www.youtube.com/watch?v=dEhw3VU05lQ"
"쿠팡 인기 오메가3. 이런 제품을 사야 돈이 안 아까워요 (쿠팡 인기 오메가3 분석)","https://www.youtube.com/watch?v=ddx_dICl1uI"
"안국 루테인 2017년 TV 광고 - 대기실","https://www.youtube.com/watch?v=NkPCquO6nIA"
"관절살리도M 옵티 MSM 원료","https://www.youtube.com/watch?v=cBZk8yOvCC0"
"shorts 밀크씨슬","https://www.youtube.com/watch?v=f2A5oKLd_XE"
"[광고] 우리 아이 면역건강을 위한 뉴트리가든비타민D키즈 !","https://www.youtube.com/watch?v=Q8DHae3TIZY"
"아침마당 홍삼 | 제품 광고 영상_기상 편","https://www.youtube.com/watch?v=dQrg1xy2UdM"
"[koreaeundan_official] 2020_마시는 고려은단 비타민C 1000 광고_에어로빅 편_유재석_15""","https://www.youtube.com/watch?v=qewI1U_8lW4"
"(광고)“식후 혈당 스파이크 완전 차단! 바나바잎추출물의 진짜 효능 & 복용법”","https://www.youtube.com/watch?v=mcomvy4DpDc"
"#박서진💕빙그레tft 건강기능식품(광고모델)축하합니다:#박서진#박서진광고모델#빙그레tft #빙그레건강기능식품#빙그레tft몰#네이브쇼핑#이벤트당첨🎉추첨(서진 왕자님 폴라이드 사진","https://www.youtube.com/watch?v=N-N8sHl8_j4"
"최고 품질 해외 직구 유산균, 이걸 드세요 (변비, 설사, 복부 팽만, 가스참 소화불량에 극적인 변화를 주는 유산균 )","https://www.youtube.com/watch?v=dIjjHeCWhRw"
"종소리보다 맑은 김종서","https://www.youtube.com/watch?v=exu0qjv7kzg"
"뉴트리원 루테인 지아잔틴164 월드컵시즌","https://www.youtube.com/watch?v=OicVqH32TFU"
"애터미 터마신 MSM #shorts","https://www.youtube.com/watch?v=eoe2GUtz4v8"
"[정려원의 큐비앤] 활력충전엔 N 홍경천 밀크씨슬 비타민B컴플렉스 (15"")","https://www.youtube.com/watch?v=fMK02LD6ZG8"
"건강을 위해 칼슘 먹었더니 생각도 못한 병에 걸렸습니다","https://www.youtube.com/watch?v=QJXp_YcGel4"
"""과대광고 & 가격 거품"" 국민 건강식품 정관장의 몰락.","https://www.youtube.com/watch?v=e8a4ZFSJfoI"
"""종합비타민 아닙니다"" 비타민C 이렇게 먹어야 효과 만점입니다! (이왕재 박사 통합본)","https://www.youtube.com/watch?v=qvpnC2Ftyac"
"[뉴잼스] LIVE🔴 한동훈 ""양 씨 보고 싶냐"" 패륜 막말 폭주!ㅣ추미애 사퇴 청원 3만 넘자 2시간 만에 셔터 마감 파문ㅣ한·카자흐 전략 동반자 격상!ㅣ김용민·신인규·이석현","https://www.youtube.com/watch?v=nQm8rKc-ZjE"
"건강기능식품 안전하게 고르는 방법 / YTN","https://www.youtube.com/watch?v=NIeKUEoWVCQ"
"락토온 프로바이오틱스 생유산균, 250g, 1개","https://www.youtube.com/watch?v=eeHX6oRPx8E"
"[VAP] 혈행마스터 아쿠아셀 오메가3 15’ | 혈행마스터 애니메이션","https://www.youtube.com/watch?v=hGqtSzSJVIk"
"👁️안구를 깨끗하게 해주는 영양제가 루테인이라고?? | 안과의사가 추천하는 영양제?!- [건물주 Ep.45]","https://www.youtube.com/watch?v=QAZ5vacLEMk"
"MSM 3040","https://www.youtube.com/watch?v=fTsWBbaIoF4"
"굿케어 옥타코사놀 밀크씨슬 프리미엄 골드 TV광고영상","https://www.youtube.com/watch?v=gV1tzzV5ugw"
"비타민D 부족 증상","https://www.youtube.com/watch?v=QWo616LS7Ik"
"아침마당 홍삼 | 사회공헌 광고 영상","https://www.youtube.com/watch?v=f7zrNssTUjU"
"비타민C 앰플? 올리브영vs다이소 비교해드릴게요","https://www.youtube.com/watch?v=rfKSvoCTFU0"
"일양약품 혈당건강 면역건강 식후혈당케어 영양제 바나바잎 추출물","https://www.youtube.com/watch?v=oTg1JYJBG6I"
"[건기식 광고 아카이브] 예민한 장을 편안하게, 락토핏 솔루션2 예민한 장","https://www.youtube.com/watch?v=NaLc-_bwGw8"
"프로바이오틱스로 변비 치료?…부당 광고 적발 / SBS","https://www.youtube.com/watch?v=g1YMf6J-oHI"
"심장·눈·뇌 건강에 좋은 ‘식물성 오메가-3’ #광고포함  | [건강면세점］ 21회 | TV CHOSUN 20201018 방송","https://www.youtube.com/watch?v=lIk4190EvzY"
"[휘닉스컴] 뉴트리원라이프: 루테인 지아잔틴 164 (30초 본편)","https://www.youtube.com/watch?v=Sh4-No2gZ28"
"엠에스엠 MSM  탄탄관절보","https://www.youtube.com/watch?v=ixDwKe6IQWE"
"우루사vs밀크씨슬 팩트로 종결하는 복용법. 무엇을 먹어야 할까?","https://www.youtube.com/watch?v=gYRsYs1_-FM"
"아이에게 꼭 필요한 건 칼슘 영양제가 아닌 이것..!!","https://www.youtube.com/watch?v=Qu63_4Z9e9A"
"초월홍삼 TV 광고, 송가인 초월송!","https://www.youtube.com/watch?v=h1CxUhkknyQ"
"[koreaeundan_official] 2022_고려은단 비타민C 1000 플러스 광고_런칭 편_유재석_30","https://www.youtube.com/watch?v=sDzEIcKLq5A"
"닥터엠 당N 500ml 3박스 바나바잎 추출물 차 음료, 500ml, 60개","https://www.youtube.com/watch?v=qDrsv8rZUmY"
"[심의 담당자가 직접 알려주는 광고심의] 신규 심의결과(수정적합 편)","https://www.youtube.com/watch?v=OcD8PwmCil0"
"뉴트리라이트 프로바이오틱스 & 비긴 (윤하운)","https://www.youtube.com/watch?v=gYH0BEJlqiA"
"혈관에 좋다고 오메가3 드시는 분들 주목","https://www.youtube.com/watch?v=ltaDvs5GuQA"
"루테인지아잔틴","https://www.youtube.com/watch?v=V-bSGf3aVuc"
"[광고] MSM 사기 전에 이 영상 먼저 보세요! 2026년 인기 많은 MSM 추천 TOP10 / 구매후기, 판매량, 가격이 모두 반영된 최신 순위","https://www.youtube.com/watch?v=jC07SaSNggM"
"[선택하라] 늦기 전에, 선택하라 밀크씨슬9!","https://www.youtube.com/watch?v=gfXstHrUMV0"
"""5년 뒤에는 상식이 됩니다"" 최적의 비타민D 섭취 가이드 (고정댓글에 추천 제품 공개)","https://www.youtube.com/watch?v=SYAeout8bdA"
"홍삼은 먹는 것보다 흡수가 중요! 참다한홍삼 TVC (30s)","https://www.youtube.com/watch?v=jGLv9M6xHLY"
"비타민C 용량 얼마나 먹어야 할까? #shorts","https://www.youtube.com/watch?v=uFnb1svAm8E"
"닥터엠 당N 500ml 2박스 바나바잎추출물 차 음료 기능성표시식품, 500ml, 40개","https://www.youtube.com/watch?v=qQTXibCEO8s"
"건강기능식품 ‘후기형 광고’ 논란 / KBS 2021.07.12.","https://www.youtube.com/watch?v=WdWluMjJsrg"
"서울약사신협 프로바이오틱스 생유산균 100포, 250g, 1개","https://www.youtube.com/watch?v=k6xjBAwWEIo"
"[종근당건강_프로메가] 프로메가 알티지 오메가3 듀얼 3가지 장점","https://www.youtube.com/watch?v=mBgMsvMFikk"
"[광고] 특별 세일 중! 지아잔틴으로 눈 보호! | 뉴트리원 루테인 지아잔틴 164 에이엑스 |","https://www.youtube.com/watch?v=Xl9VSIn8qRY"
"만성염증을 줄여주는 MSM 효능과 주의사항.","https://www.youtube.com/watch?v=jZQfyOI_gY8"
"밀크씨슬 ! 과연 .. 효과 있을까 ?","https://www.youtube.com/watch?v=kS5fpIbY5Vs"
"오쏘몰의 차이, 독일의 독보적 농축 기술로 완성한 액상 숏츠","https://www.youtube.com/watch?v=ScczwyAh0bY"
"[농림축산식품부] 송화수 홍삼영농조합법인 송인생 대표 인터뷰","https://www.youtube.com/watch?v=lRDCJ2P_wDw"
"수만 건의 사례 모음! 비타민C 효과!!","https://www.youtube.com/watch?v=uXxbFI03W7g"
"[비타민마을[ 혈당 혈압 콜레스테롤 기억력엔 바나바잎 코큐텐 홍국 은행잎추출물","https://www.youtube.com/watch?v=qzFJGnEY2EA"
"[건강기능식품 광고 아카이브] 바이오로제트 소개 영상","https://www.youtube.com/watch?v=Xiy9aEjjvw8"
"야쿠르트 프로바이오틱스 #shorts","https://www.youtube.com/watch?v=mnl8jo33nD4"
"애터미 비건 조류 알티지 오메가3 #애터미 #오메가3","https://www.youtube.com/watch?v=mIzLM0ZWBCU"
"시력의 90%를 담당하는 효자템 루테인 지아잔틴🤩 TV CHOSUN 20220122 방송 | [기적의 인생] 85회 | TV조선","https://www.youtube.com/watch?v=XmjdZjX6-sE"
"(광고)“무릎이 ‘끼익’ 소리낸다면 MSM이 필요합니다”","https://www.youtube.com/watch?v=k-aXq4BTRo8"
"(광고)뉴트리하루 실리마린 밀크 시슬 추출물 밀크씨슬 아르기닌 플러스 야관문 글루타치온","https://www.youtube.com/watch?v=kf9ZeDWGegc"
"장상피 화생 치료, 비타민 D로 가능할까?","https://www.youtube.com/watch?v=ULN760gKBT4"
"아침마당 홍삼 | 제품 광고영상_젠가 편","https://www.youtube.com/watch?v=mrzzJjGzz4g"
"치매 걱정된다면 비타민C가 답! ""치매 막으려면 비타민C 드세요""｜뇌세포 200배 농도의 비밀 #이성미의나는꼰대다","https://www.youtube.com/watch?v=vs9CGJKapeI"
"레벨지 플러스 2026 바나바잎추출물, 크롬 제품","https://www.youtube.com/watch?v=uHZu2F--mwA"
"쁘띠앤 건강기능식품 TVC","https://www.youtube.com/watch?v=Y3a6PX8UEQ8"
"킹 프리미엄 프로바이오틱스 생유산균, 60정, 1개","https://www.youtube.com/watch?v=pYbUsvDNReo"
"혈관·간 건강 도움주는 ‘알티지 오메가3’ #광고포함  | [건강한 집］ 17회 | TV CHOSUN 20201130 방송","https://www.youtube.com/watch?v=nP9b5tZsEuE"
"안과 의사는 루테인 말고 이걸 먹습니다 #영양제","https://www.youtube.com/watch?v=YsVlxAuWIIA"
"일양약품 프라임 MSM 플러스 120정 / 식이유황 비타민D 아연 함유, 120정, 1개","https://www.youtube.com/watch?v=m1sV2_6jz28"
"GNM자연의품격 l 조정석 TVC 밀크씨슬_자격! (15s)","https://www.youtube.com/watch?v=n2rG59NyqwE"
"관절에 좋은 영양제 다 같은 칼슘이 아닙니다. 해외직구 영양제 리뷰. 칼슘, 마그네슘, 비타민k2 추천. 관절에는 이것 하나 드세요.(골다공증 영양제)","https://www.youtube.com/watch?v=VS9Q0MdqVKw"
"💪면역이 필요한 순간! 1등 홍삼 정관장, 올리브영에서 지금 바로 시작▶(6s)","https://www.youtube.com/watch?v=nCkyP2tBMJs"
"""다 틀렸습니다..이렇게 발라야 300% 효과봅니다"" 비타민C 제대로 바르는 방법을 15년차 피부과 전문의가 알려드립니다.","https://www.youtube.com/watch?v=w-eQTKQGfdQ"
"당케어유산균 바나바잎추출물식후 혈당","https://www.youtube.com/watch?v=uww_btUUgFo"
"1년만에 영업이익 88%가 감소한 여에스더 건강기능식품 - 과장광고에 이은 영업정지와 세무조사까지 총체적 난국인 근황","https://www.youtube.com/watch?v=_bGb7eX-Rk4"
"[기업PR/프로바이오틱스] 대한민국 No.1 프로바이오틱스 hy [제품편]","https://www.youtube.com/watch?v=qMZsGMHqhIo"
"[펜타클] 엔라이즈 더리얼랩 마그오메가3 (30s)","https://www.youtube.com/watch?v=pKgGgg0-XyM"
"눈 건강 책임지는 ‘루테인·마리골드’ #광고포함  | [굿모닝 정보세상] 297회  | TV CHOSUN 20201021 방송","https://www.youtube.com/watch?v=ZOJ_uBkdo-s"
"MSM 추천 판매순위 Top10 || 가격 평점 후기 비교","https://www.youtube.com/watch?v=muCLCzZmLZ0"
"굿케어 옥타코사놀 밀크씨슬 프리미엄 골드: 하루 한 알로 넘치는 활력!","https://www.youtube.com/watch?v=ngXtt-DAT9g"
"[건강라이프] ""칼슘 보충제 알고 드세요""…이러면 '큰일' / SBS","https://www.youtube.com/watch?v=Vfk_dky-sfE"
"1996 홍삼생기","https://www.youtube.com/watch?v=npWMoVnvdag"
"""무작정 비타민 먹지마세요"" 35년 비타민 C 박사가 알려주는 올바르게 섭취하는 방법 (이왕재 박사님 1부)","https://www.youtube.com/watch?v=x9M7_WTnCg0"
"[Dole] Dole 스위티오 ""바나나는 라벨로 말한다""","https://www.youtube.com/watch?v=w5R47twcmIc"
"건강식품광고는 일반 광고랑 전혀 다릅니다(건강기능식품광고)","https://www.youtube.com/watch?v=dGmvFKuR0ZQ"
"서울약사신협 프로바이오틱스 생유산균 골드, 250g, 1개","https://www.youtube.com/watch?v=t5VstpIXTYo"
"[NEW] 체력을 위한 작은 습관! 시작하자, 트리플러스 오메가-3 이뮨 우먼 (30"")","https://www.youtube.com/watch?v=qDYHLCwCa6c"
"대한민국 눈 건강 164로 사로잡다 l 루테인 지아잔틴 164 15's","https://www.youtube.com/watch?v=a5vX2dHtxUI"
"관절MSM 추천 판매순위 Top10 || 가격 평점 후기 비교","https://www.youtube.com/watch?v=nVfnw7DLCdQ"
"콜레스타 홍국 LDL콜레스테롤 혈압 간건강 밀크씨슬 건강기능식품, 30회분, 6개","https://www.youtube.com/watch?v=pBVW1fIfqxQ"
"칼슘영양제 추천! 2025년 무조건 이거다!! 역대급 가성비 최신 인기제품TOP10✅","https://www.youtube.com/watch?v=XLdNl12T2YI"
"홍삼과 탄산을 그대에게! 연한탄산홍삼드링크 홍삼연탄  (유해진)","https://www.youtube.com/watch?v=oGkzESnYgBA"
"그린요오드 갑상선 셀렌 아연 비타민4종 피로 면역 온가족 영양제 [원산지:국산(경기도 화성시)], 60정, 1개","https://www.youtube.com/watch?v=1dcPKN8GH8Y"
"써큐시안 식후 혈당 케어 조절 점심 바나바잎 추출물 비타민 B 에버그린, 120정, 6개","https://www.youtube.com/watch?v=wl0UJbArQ-4"
"[옵티헬스 변할지도] 차전자피 건강기능식품","https://www.youtube.com/watch?v=dSjddyyEbrQ"
"와..진짜 인생 질건강템 될겁니다‼️간증리뷰가 증명하는 지노마스터 질유산균  65% 역대할인 마켓💖ㅣ인보라INBORA","https://www.youtube.com/watch?v=tFhLprBe1rs"
"[정려원의 큐비앤] 혈행건강엔 N 알티지오메가3 (15"")","https://www.youtube.com/watch?v=qWFLxp6-cE8"
"정우성의 인생 눈영양제?! │ 뉴트리원 루테인지아잔틴164","https://www.youtube.com/watch?v=bruvVm3k7mk"
"#식물성 msm식이유황 #식물성 msm캐나다 #식물성 msm관절영양제 #식물성msm추천 #식물성 msm효능 #관절msm #msm식이유황 #광고","https://www.youtube.com/watch?v=taAMyaHeY5s"
"호주 네이쳐스탑 MVL 폴리코사놀 밀크씨슬 30정 | 케이마트 #shorts","https://www.youtube.com/watch?v=pkMzjdeea40"
"비타민D 하루 4,000IU 이상은 처방받아 먹는다!ㅣ상계백병원 가정의학과 박현아 교수","https://www.youtube.com/watch?v=YMilbwGKDqg"
"고려홍삼 절편 골드 플러스","https://www.youtube.com/watch?v=oqWWl2pXA-4"
"(ENG)떠오르는 영양제 셀레늄! 과연 내 몸에 득일까 독일까?","https://www.youtube.com/watch?v=1i96FPkqREk"
"당뇨인은 그냥 저 믿고 이거 사세요!","https://www.youtube.com/watch?v=yDcAdH-Blf8"
"건강기능식품 마케팅? 건강식품 차이점","https://www.youtube.com/watch?v=evilvM2yMj4"
"내추럴이믹스 포스트바이오틱스 100억 유산균 프로바이오틱스 17 (2개월분)","https://www.youtube.com/watch?v=vEso250a5TA"
"[koreaeundan_official] 2024_고려은단 식물성 퓨어 알티지 오메가3 광고_유재석_30","https://www.youtube.com/watch?v=r1UMiM85VhI"
"[뷰포인트]GNM 루테인 지아잔틴 아스타잔틴","https://www.youtube.com/watch?v=cR6Jvfd4ODg"
"MSM 식이유황 효능? 관절통, 염증은 물론 탈모와 피부에도?","https://www.youtube.com/watch?v=uodc6pardRc"
"2021 간부터 당장! 얼라이브+밀크씨슬 15"" 간당순간편","https://www.youtube.com/watch?v=rCxIgDSYg2o"
"독감, 비염 예방, 여드름, 항암작용까지 검증된 기본템! 최고의 해외직구 비타민D는 이걸로 드세요 (비타민D의 효능, 섭취용량, 주의사항까지 )","https://www.youtube.com/watch?v=Zd-Mpz1ohJ0"
"SHIMO 한국프라임제약 홍삼핏플러스 광고영상","https://www.youtube.com/watch?v=saVNjk0jifk"
"셀레늄영양제 추천 | 파격 가격! 믿고 사는 상품 만나보세요! | 제품 리뷰 모음 | 구매 링크","https://www.youtube.com/watch?v=3WBOMWyUc18"
"[영양제 리뷰51] 베르베린 '이 제품'으로 혈당, 콜레스테롤 관리 하세요. 베르베린 78종 비교! [아이허브, 쿠팡파트너스 광고활동 포함]","https://www.youtube.com/watch?v=4jTtJnPn7fw"
"[건강식품광고] 짜증날땐 먹어도 돼 ver1","https://www.youtube.com/watch?v=hBfs_yl13uQ"
"[본사] 휴온스 국내 유일 면역 이뮨 프로바이오틱스 와이셀라 1개월분 30캡슐 1박스, 30정, 1박스","https://www.youtube.com/watch?v=wNHn21su9_I"
"009.  종근당 프로메가 알티지 오메가 3 듀얼","https://www.youtube.com/watch?v=uN9suYYazxs"
"더이상 찌푸리지 마세요_정우성 루테인지아잔틴164","https://www.youtube.com/watch?v=d1vRPXhgJAY"
"지금 주말 특별할인 관절연골 무릎 어깨 msm 마그네슘 비타민D 건강기능식품 종합관리","https://www.youtube.com/watch?v=y1NEyYrNNOU"
"오늘도꼬옥""밀크씨슬""광고영상제작-애드웍스코리아-제품광고","https://www.youtube.com/watch?v=rKzfCrRfTZ0"
"영양제 우선순위 6가지","https://www.youtube.com/watch?v=a6VGXiqGh0U"
"카디비가 ‘공짜로 홍보해준’ K-제품들 ㅋㅋㅋ","https://www.youtube.com/watch?v=t81g0EREwrA"
"항산화의 왕! 글루타치온 영양제 효과보는 갓생 비법. 꼭 비타민C, 셀레늄과 함께 드세요. 혈관청소 싹! 항노화 항염 혈관건강 2배 쑥 #글루타치온추천 #글루타치온효능 #셀레늄음식","https://www.youtube.com/watch?v=3WCAwHwSF88"
"영양제 안 먹는 함익병도 이건 먹는다?! #shorts","https://www.youtube.com/watch?v=6N73PyBZMx4"
"독일 대표 건강기능식품 브랜드 로트벡쉔!","https://www.youtube.com/watch?v=hmMBfyK7L1Y"
"-23kg 40대 약사의 첫번째 레슨 - 염증제거🔥 #shorts","https://www.youtube.com/watch?v=1D3u4g9F3nk"
"빈틈없이 채운 멀티 포뮬러, 뉴트리 마린 오메가-3 | 세계판매 1위 오메가-3 브랜드, 뉴트리라이트","https://www.youtube.com/watch?v=v9J7C3IIH7E"
"[성우 김상희]광고_나레이션_루테인_지아잔틴","https://www.youtube.com/watch?v=d6KfKI9-fT0"
"우리msm광고","https://www.youtube.com/watch?v=zOC7gHAVU4I"
"애터미 홍경천 밀크씨슬","https://www.youtube.com/watch?v=sSS0GRifxao"
"비타민D 꿀조합 7가지","https://www.youtube.com/watch?v=aiToKsFaO6I"
"[광고×]구매 난이도 최상위 홍삼 이거 효과는 알고 삼?","https://www.youtube.com/watch?v=tDTBhSadkVg"
"천연 노화 방지제 비타민E!  [무엇이든 물어보세요] 20190828","https://www.youtube.com/watch?v=3YxXalpLrEE"
"당뇨에 좋은 영양제 5가지 #당뇨병 #당뇨 #혈당","https://www.youtube.com/watch?v=6arxW3tFeA8"
"[건강기능식품 광고 아카이브] 듀오락 2022 TV CF 100% 한국산 프리미엄 유산균, 듀오락으로 장 건강에 투자하세요!","https://www.youtube.com/watch?v=jfuTbVNKzN0"
"[세노비스] 콜레스테롤 유산균 수퍼바이오틱스 콜레스테롤로 나쁜 콜레스테롤 SAY NO! (30"")","https://www.youtube.com/watch?v=1c3ZmUXrc8A"
"[koreaeundan_official] 2022_고려은단 퓨어 알티지 DHA 오메가3 광고_런칭 편_유재석_30","https://www.youtube.com/watch?v=ym6G0aH1QQY"
"koreaeundan official 2023 루테인 지아잔틴 아스타잔틴 광고 유재석 30s_#고려은단#오광TV#Oh_KwangTV","https://www.youtube.com/watch?v=e6MRFlZepH4"
"MSM의 진짜 부작용 원인과 진짜 해결책","https://www.youtube.com/watch?v=zcfJfjFGl3E"
"[홈쇼핑/홈쇼핑 대행] GNM 밀크씨슬 브랜드","https://www.youtube.com/watch?v=tE8dXQ6dE4k"
"칼슘과 비타민D섭취가 뼈와 혈관에 더 해롭다?? #shorts #골다공증 #비타민k2","https://www.youtube.com/watch?v=b4_gzmuGouA"
"정관장 기능성을 인정받은 홍삼의 면역력(feat.안성기)","https://www.youtube.com/watch?v=tmUMuWkyiFo"
"광고 이거 강력추천 가성비 최고 비타민e 비교 추천판매순위 top10","https://www.youtube.com/watch?v=3xVyYNRAPzw"
"약사가 당뇨 예방을 위해 직접 먹는 1순위 영양제는?","https://www.youtube.com/watch?v=EYix2kBgtnU"
"#밀크티스튜디오 칼 로 ㅣ 건강기능식품 릴스 영상 제작","https://www.youtube.com/watch?v=npIVTELr0Oc"
"더 좋아진 유산균, 포스트바이오틱스 맥스로 흔들어보세요! TVC 15”","https://www.youtube.com/watch?v=7Py47Mlp8l0"
"[안국건강] 수박씨보다 작은 아이원 루테인지아잔틴 미니","https://www.youtube.com/watch?v=e89OkELFbBY"
"#IMC'S  GLUCOSAMINE TABLETS..... 🤗","https://www.youtube.com/watch?v=12hfxUO-O-A"
"반드시 지키세요! ＜밀크시슬 섭취 시 주의사항＞ MBN 201221 방송","https://www.youtube.com/watch?v=tVxJ3ZXfdcw"
"칼슘제 고르는 법, 칼슘 효능, 칼슘제 부작용-칼슘 마그네슘 함께 먹어야 하는 이유는?","https://www.youtube.com/watch?v=beKY9DQ75S0"
"제일제당 홍삼원 [1990년]","https://www.youtube.com/watch?v=uZlhqi9WIE4"
"'최초 공개' fromis_9 (프로미스나인) - Vitamin ME #엠카운트다운 EP.938 | Mnet 260723 방송","https://www.youtube.com/watch?v=47zFFF-EWQ0"
"✅-17kg 감량한 약사가 랭킹해보는 영양제 점수(10점 만점에 몇점?)","https://www.youtube.com/watch?v=M6Jx_owmKuc"
"(콘텐츠메이커스) 건강기능식품(콤부차) 레퍼런스(1) #숏폼광고 #숏폼영상 #네이버플레이스영상 #메타광고 #인스타광고 #릴스광고","https://www.youtube.com/watch?v=p4gKLQ0DY1o"
"의사, 약사들이 여에스더를 싫어하는 이유? (feat. 함익병) #shorts","https://www.youtube.com/watch?v=9J7TBtR8ydk"
"[쿠팡파트너스 광고 포함] 눈 건강 루테인 지아잔틴 | 스마트폰 눈 피로 관리 하루 한 캡슐 건강 습관","https://www.youtube.com/watch?v=f0YjYiVbcM0"
"#관절 #연골 #글루코사민 #독일pm #겔링핏 #당진pm #서산pm #예산pm #홍성pm","https://www.youtube.com/watch?v=1cu5ejPApOI"
"GNM자연의품격 l 조정석 TVC 밀크씨슬_찌르고! (6s)","https://www.youtube.com/watch?v=tshrB85va-g"
"이런 영양제 오래 드시면 안됩니다.! 영양제 우선순위는 따로 있습니다! (캡션참고)","https://www.youtube.com/watch?v=e-9C_7MRiHk"
"대한홍삼 광고","https://www.youtube.com/watch?v=v31DGwE7CEM"
"연예인들 사이에 공유중인 면역력 끝판왕 영양제","https://www.youtube.com/watch?v=4BKw1AqyN-k"
"불면증 영양제 멜라토닌, 식물성은 이게 달라요!","https://www.youtube.com/watch?v=N3WbQC1ARUU"
"붓바이_건강기능식품 제품영상/220 그래픽 패키지_영상공방","https://www.youtube.com/watch?v=pBQtqbgiwQ0"
"장 끝까지** 살아가는 체온 활동 유산균! NEW 액티비아 부스트샷3","https://www.youtube.com/watch?v=9mIvIwkqhf8"
"정우성처럼 완벽한 루테인 │ 뉴트리원 루테인지아잔틴164","https://www.youtube.com/watch?v=f0k8mL0gMvw"
"택소핏 글루코사민 영양제 #영양제추천 #독일영양제","https://www.youtube.com/watch?v=2il7PbEHU_E"
"[Feeliv 밀크씨슬 파워] 활력이 필요해? 나를 위한 액티브 케어!","https://www.youtube.com/watch?v=w4dxcfM2yPA"
"“적정량의 비타민D는 근력운동 90% 효과” / 채널A / 뉴스A","https://www.youtube.com/watch?v=f8bDXh1Jm20"
"광고 홍삼 나만 알기 아까운! 추천해요! 추천 TOP10","https://www.youtube.com/watch?v=x1VBfRmjfF8"
"비타민E의 충격적인 비밀과 반전!! 당신의 세포를 업그레이드하라 [루게릭 1편] - 삐루빼로님과 모든 루게릭 환우분들을 위한 헌정 영상","https://www.youtube.com/watch?v=6HQHF7cF5yw"
"혈당 때려잡는 영양제 10초 정리","https://www.youtube.com/watch?v=Qp5YEZrBdI0"
"건강기능식품, 뷰티 쇼핑몰 광고에서 살아남기  #메타광고","https://www.youtube.com/watch?v=pLceAd59FBs"
"장까지 살아서 도착하는 ❛○○○❜ 유산균 #광고포함| [퍼펙트 라이프] 14회 | TV CHOSUN 20200916 방송","https://www.youtube.com/watch?v=EqEZVFY6qd0"
"고려은단 루테인 지아잔틴 아스타잔틴 광고 유재석 #눈건강#60대눈건강","https://www.youtube.com/watch?v=fS7Uzx-hdDI"
"웰니스 일본 대용량 콘드로이친 글루코사민 무릎 관절 연골 영양제 관절에 좋은영양제, 720정, 3개","https://www.youtube.com/watch?v=2lg99EY-p5Y"
"[15그램] 바노바기 밀크씨슬 리페어 크림 #하우투 #광고","https://www.youtube.com/watch?v=xZuT0WRP4zc"
"독감, 비염 예방, 항암작용까지 검증된 돈값하는 직구 비타민D 약사가 딱 골라드립니다. (비타민D 효능, 섭취용량, 부작용, 비타민D 영양제 추천)","https://www.youtube.com/watch?v=fBU0RhbFedk"
"[15그램] 옵티헬스 발효홍삼 #컨셉필름 #광고","https://www.youtube.com/watch?v=xksBvFpRto4"
"비타민E가 부족 할 때 나타나는 증상 5가지","https://www.youtube.com/watch?v=8X2WeX50n2o"
"인슐린 저항성 한번에 이해하기✔️","https://www.youtube.com/watch?v=UO4-kXse--8"
"캐나다 건강기능식품 뉴트리파워","https://www.youtube.com/watch?v=rMMp8eMk0hc"
"비싸지 않은데 살아있는 유산균!","https://www.youtube.com/watch?v=FNC-qDGlmaA"
"눈 영양제=루테인? 지금껏 다 속고 있었음","https://www.youtube.com/watch?v=g-a8eCHy0Zo"
"#glucosamine","https://www.youtube.com/watch?v=AIiSlVI440M"
"[IPTV] 엠델 차즈기 플러스 밀크씨슬 에너지샷","https://www.youtube.com/watch?v=-_4jer0TpTM"
"[광고] 쁘띠앤 칼마디 영양제 ( 칼슘+마그네슘+비타민D)","https://www.youtube.com/watch?v=jIrAPa3QXBw"
"위와 장이 안좋은 분들은 속 염증을 다스려주는 이걸 드세요! (역류성식도염/위염/위궤양/결장염/장누수증후군/헬리코박터)","https://www.youtube.com/watch?v=0gYh6fvTiYM"
"금연하면 폐가 다시 좋아지나요? ※흡연자 필수시청※ #Shorts","https://www.youtube.com/watch?v=8hY4MpbTXRE"
"공복혈당 90대로 낮추는 자기 전 습관 3가지","https://www.youtube.com/watch?v=WQXU7_NPj0w"
"[건기식 광고 아카이브] 우리 가족 장건강엔 새로워진 1등 유산균 락토핏","https://www.youtube.com/watch?v=yGWw57UJYFY"
"유산균이 장까지 도달할 확률은 '0'에 가깝다? #shorts","https://www.youtube.com/watch?v=G9eHd7qK4IA"
"일양약품 눈건강 루테인 골드, 30정, 3개","https://www.youtube.com/watch?v=gnvNr4R4Brc"
"쉬프 무브프리 어드밴스드 글루코사민 + 콘드로이틴 타블렛, 200정, 2개","https://www.youtube.com/watch?v=FSZ0Z_DgAQc"
"엠장 과거 싹 다 털러 온 미녀 개그우먼","https://www.youtube.com/watch?v=6w73HXJLELM"
"비타민D 이런 증상 있으면 당장 섭취 중단하세요 (비타민D 섭취용량, 부작용)","https://www.youtube.com/watch?v=k03HZLAbJQ0"
"영양제 섭취방법 한 눈에 보기","https://www.youtube.com/watch?v=0kZB0GWnuvw"
"[뉴스터치] 40년 골초도 지금 금연하면 폐기능 회복 (2020.01.31/뉴스투데이/MBC)","https://www.youtube.com/watch?v=B0rFtvneUKk"
"당뇨 전 단계이신가요? 식후 이거 하나 챙겨 보세요! (혈당 영양제 여주)","https://www.youtube.com/watch?v=YpcWJtJm5Iw"
"어린이 키는 물론, 성인들의 키도 자라게 도와준다는 약의 진실","https://www.youtube.com/watch?v=--JrdjNLiKc"
"프로가 ONE하는 ONE통유산균 '프로바이오틱스 얼티밋'","https://www.youtube.com/watch?v=I6dPCbrChik"
"종근당건강 루테인지아잔틴 아이클리어TVC(2021)","https://www.youtube.com/watch?v=gsrSkbw6nZA"
"닥터스베스트 글루코사민 콘드로이친 MSM 캡슐, 120정, 2개","https://www.youtube.com/watch?v=IWOA2HKX2ws"
"더리얼 밀크씨슬 리버케어 1000mg x 60캡슐 x 1박스, 60정, 1개","https://www.youtube.com/watch?v=7K2ApId5im4"
"비타민D 무작정 먹으면 절대 안 된다? 약사들이 말하는 적정 용량은? (비타민D의 모든 것)","https://www.youtube.com/watch?v=kNWg_UbDZXE"
"피부영양제편🩵 #약사","https://www.youtube.com/watch?v=0w856kKA_v0"
"[웰니스 클리닉] 항산화 물질 5형제! '비타민E' 의 효능!","https://www.youtube.com/watch?v=BTEtaE0UVQ4"
"뇌혈관 질환 전문의가 '신이 내린 약'이라 부르는 이것💊 #콜레스테롤","https://www.youtube.com/watch?v=dYSR7gi5IKM"
"💊모르면 안되는 영양제 추천템 정리 #쿠팡추천템","https://www.youtube.com/watch?v=-a2xFmspWM8"
"여성에게 좋은 유산균 추천 #질유산균 #피부유산균","https://www.youtube.com/watch?v=JFRApCxuccY"
"보령 아이케어 루테인지아잔틴 아스타잔틴 플러스 15g, 30정, 3개","https://www.youtube.com/watch?v=hILl7zR-Yro"
"쉬프 무브프리 어드밴스드 글루코사민 + 콘드로이틴 타블렛, 200정, 2개","https://www.youtube.com/watch?v=Lj0U4Ler-lI"
"씨앤제이 간에게 주는 밀크씨슬 선물 간영양제 30정 1개","https://www.youtube.com/watch?v=Ehq6ZhkzjIk"
"최고의 비타민D를 하나만 꼽는다면 이것입니다.","https://www.youtube.com/watch?v=l7sg4795GcU"
"[노약사의 건강채널 DNA] 아연 부작용과 섭취량","https://www.youtube.com/watch?v=3O1aAi-9HTo"
"암 면역치료에 쓰이는 셀레늄!! 무기셀레늄, 유기셀레늄 차이점은??","https://www.youtube.com/watch?v=Di1jce879MU"
"약사가 알려주는 당뇨, 고혈압, 고지혈증 영양제. 가장 괜찮은 것은 '이것'입니다.(항산화, 인슐린저항성 개선, 공복혈당, 혈액순환, 혈관보호)","https://www.youtube.com/watch?v=fXgUhigGdlY"
"[건기식 광고 아카이브] 우리아이 건강친구, 총총","https://www.youtube.com/watch?v=0drznbKPJgc"
"약사가 사는 다이소 영양제","https://www.youtube.com/watch?v=JYGVvFhd1Ko"
"루테인지아잔틴아스타잔틴플러스60캡슐","https://www.youtube.com/watch?v=hJj67iaK9O8"
"힘든 관절 통증? 글루코사민 드세요!","https://www.youtube.com/watch?v=NEFt5Z1G4eo"
"다곡차곡 온가족 새싹삼 밀크씨슬 홍삼플러스 분말 스틱 #다곡차곡","https://www.youtube.com/watch?v=L7Jo-J5GiCs"
"칼슘제의 치명적인 부작용, 알고 드세요! (feat 부작용 예방하는 방법)","https://www.youtube.com/watch?v=lyraMqd5QUo"
"아연영양제, 남녀노소 누구나 사면 호구인 이유","https://www.youtube.com/watch?v=3yrZu8di9so"
"천연 항산화제 비타민 E에 대해 잘 아시나요? 모르고 먹으면 독! 효능과 부작용 팩트체크!","https://www.youtube.com/watch?v=DmSmoXUw-nI"
"이제훈 혈당스파이크 예방하는 3가지 섭취 루틴","https://www.youtube.com/watch?v=pUxJuV2p1nY"
"우리아이 키성장 영양제, 바로키커!","https://www.youtube.com/watch?v=1y7fqkKiyl4"
"“채소와 유산균 아닙니다” 30분 만에 쾌변! 돌처럼 굳어있던 변과 장에 찐득하게 붙어있던 노폐물이 싹 쏟아져 나옵니다 (박미경 원장)","https://www.youtube.com/watch?v=KAGrsWlNRaM"
"종근당건강 루테인지아잔틴 아이클리어(2023)","https://www.youtube.com/watch?v=i9o2kbC-ves"
"관절 영양제 이거 하나만 드셔도 충분합니다!! (허리, 어깨, 손목 등 관절 통증, 염증, 부종, 뻣뻣함, 불편한 증상을 개선 시켜주는 관절 영양제)","https://www.youtube.com/watch?v=PSQzVPCNDs8"
"[광고] 뉴트리디데이 프리미엄 밀크씨슬 골드.","https://www.youtube.com/watch?v=LG6xYHvvFXA"
"칼슘영양제 칼마디 칼슘마그네슘비타민D","https://www.youtube.com/watch?v=nI8AOQfJx78"
"몸에 보약같은 미네랄 Zinc '아연'의 놀라운 효능! / 이렇게 드세요! 당뇨, 혈당 걱정 싹 사라집니다! / 제대로 먹는 법 / 아연의 힘 / 책읽어주는여자 소다 건강 오디오북","https://www.youtube.com/watch?v=5xm7NUOxzZ4"
"(광고❌) 피부에 올인한 40대 중반✨ 피부 완전 좋아진 특급 비법👍","https://www.youtube.com/watch?v=E5zeM-6R1R8"
"하루 3알로 혈당관리 하는 방법?! #당뇨 #혈당 #더파인프리미엄","https://www.youtube.com/watch?v=qdPDY6T86PU"
"[건기식 광고 아카이브] 프로메가로 하루 한 번 꾸준하게 혈행건강을 챙기세요, 혈행어사 출두요!","https://www.youtube.com/watch?v=2Aw8lEttg8Q"
"[듀오락 X 손석구] 장 속까지 강력한 생존력, 강한 유산균 듀오락 ㅣ DUOLAC X SON SUKKU 30’’ TVCF #강한유산균 #손석구유산균 #듀오락골드","https://www.youtube.com/watch?v=KUwvWs-chM4"
"청인 루테인, 청인 실리마린, 청인 퓨어MSM 3종 광고","https://www.youtube.com/watch?v=iGsiTT2xZMY"
"이런 분들은 관절영양제 하나도 효과 없습니다! (ft. 글루코사민, 콘드로이친)","https://www.youtube.com/watch?v=QpL4_upw57E"
"광고 이거 강력추천 가성비 최고 밀크시슬 비교 추천판매순위 top10","https://www.youtube.com/watch?v=MbbRcipYnTs"
"[본방 종합] 먹어야 할까 말아야 할까? 💊비타민D 결핍의 진실 | KBS 240710","https://www.youtube.com/watch?v=o2Bs8PzetJA"
"가성비 해외직구 영양제","https://www.youtube.com/watch?v=Biaq9XPVHjk"
"비타민E 항산화만 믿고 아직도 열심히 드시나요?","https://www.youtube.com/watch?v=FiCQKeGDe7s"
"혈당이 높다고 내몸이 보내는 신호 #건강정보 #혈당관리","https://www.youtube.com/watch?v=qjt9yznXrN4"
"비피더스 100%라고 광고하는 제품 좋아요?","https://www.youtube.com/watch?v=3gvZyGxKMOs"
"차세대 유산균! 면역력에 좋은 ◈루테리 유산균◈ #광고포함 | [내 사랑 투유］ 26회 | TV CHOSUN 20201124 방송","https://www.youtube.com/watch?v=MHO7UKF446I"
"아이클리어 루테인지아잔틴, 30정, 6개","https://www.youtube.com/watch?v=iPlIpMrGcp0"
"커클랜드 글루코사민 콘드로이틴, 280정, 1개","https://www.youtube.com/watch?v=UsdBMu2NdT8"
"2018 리버케어 밀크시슬","https://www.youtube.com/watch?v=UEm-SQwJjc0"
"ep22. 칼슘 영양제를 먹으면 몸에 석회가 생기나요? #shorts","https://www.youtube.com/watch?v=oqUfNXbmvN0"
"김남주가 7년째 먹는 탈모예방 영양제 #탈모 #탈모영양제","https://www.youtube.com/watch?v=E9_sZg1Hp44"
"피부에 바르는 비타민E가 3종류! 이거 모르고 썼으면 큰일! 용도에 맞게 알고 쓰세요","https://www.youtube.com/watch?v=GoBmceyD6jA"
"혈당 영양제, 혹시 이런 거 드신다면 효과 하나도 없습니다 (혈당 영양제 S등급은?)","https://www.youtube.com/watch?v=vBe8MLniyOw"
"여에스더 국민영양제 10종 올리브영 입점!","https://www.youtube.com/watch?v=4e2naMi9s4Q"
"CJ 바이오코어 with 화사(HWASA) 💜쓰리핏 다이어트 유산균💜","https://www.youtube.com/watch?v=NE5l8JyCuzo"
"[Moviefactory] 아이세이프 루테인 광고 영상 (모델 활용)","https://www.youtube.com/watch?v=lGVQDIid77Q"
"[광고] 2026년 가성비 글루코사민 추천 TOP5","https://www.youtube.com/watch?v=aDGQvFh4GaA"
"[얼라이브+밀크씨슬] 간부터 당장! 얼라이브+밀크씨슬 6"" 엘리베이터편","https://www.youtube.com/watch?v=Ydx7N4BGga8"
"하루 100원 영양제가 3만원 주사보다 더 효과적이다? 비타민D 약사도 놀란 연구 결과","https://www.youtube.com/watch?v=pKwB9Lq0KFk"
"약국 비타민B 영양제 레츠고💊✔️ #영양제 #약국 #종합비타민","https://www.youtube.com/watch?v=G41C4P_FukI"
"한번만 먹어도 간 손상에 치명적인 영양제","https://www.youtube.com/watch?v=HM7M109YAOs"
"비타민C 메가도스 후, 갑자기 혈당수치 높아진 이유는? [웰니스클리닉]","https://www.youtube.com/watch?v=zxFqAd7uz3c"
"시원하게 달리는 영양제 AI광고를 제작했습니다","https://www.youtube.com/watch?v=584swBb15is"
"방광염에는 '이거 한알'만 드시면 없어집니다 (방광염, 질염, 여성 질환, 영양요법, 조합방법, )","https://www.youtube.com/watch?v=NGmbOMzv7ik"
"유료광고포함 [종근당건강] 아이클리어 루테인 30캡슐","https://www.youtube.com/watch?v=nUgOnoNbEfU"
"글루코사민01.wmv","https://www.youtube.com/watch?v=febcweZlodg"
"나우그린 간 건강 프리미엄 밀크씨슬 108g, 120정, 1개","https://www.youtube.com/watch?v=csK3fHk-MRw"
"비타민D 총정리 이걸로 끝내세요","https://www.youtube.com/watch?v=pLgjShkSnKc"
"아연 효능 3가지 💪 면역·피부·피로까지 잡는다!”","https://www.youtube.com/watch?v=IhA9ZdX_7Hk"
"❌광고아님!! 주름관리 필수성분 4가지 #바르는보톡스 #아세틸헥사펩타이드 #레티노산 #비타민e #판테놀","https://www.youtube.com/watch?v=HZ4xnzzZdls"
"[건기식 광고 아카이브] 관절엔 콘드로이친 1200","https://www.youtube.com/watch?v=5S-gGzTZ_ng"
"프리미엄 유산균의 기준 드시모네_장면역 기능성 원료","https://www.youtube.com/watch?v=NXOIjm4ZPyw"
"뉴트리원 루테인지아잔틴164GR _리얼블랙 [영상제작 프로덕션]","https://www.youtube.com/watch?v=nvgKNQC9vDs"
"글루코사민 크림바르기","https://www.youtube.com/watch?v=i8Di5eFcJxo"
"을지대학교 간건강 더하기 밀크씨슬 비타민B군 48g, 60정, 1개","https://www.youtube.com/watch?v=dqks_z0q9Go"
"당신의 몸이 보내는 경고 신호! 비타민D 부족 증상","https://www.youtube.com/watch?v=r6-wdfr0U6w"
"저라면 아연 무조건 '이거' 먹습니다!","https://www.youtube.com/watch?v=LOvWyarM5sk"
"면역항암치료제 셀레늄 효과와 부작용, 어떻게 먹어야 하는지 알려드립니다.","https://www.youtube.com/watch?v=JAVSQX69JjI"
"[full] 영양제를 믿으십니까 | 추적60분 KBS 260703 방송","https://www.youtube.com/watch?v=6di-hM_rlwg"
"[듀오락 X 손석구] 장 속까지 강력한 생존력, 강한 유산균 듀오락 ㅣ DUOLAC X SON SUKKU 15’’ TVCF #강한유산균 #손석구유산균 #듀오락골드","https://www.youtube.com/watch?v=OuBJfCjsgak"
"""오메가3, 루테인 아닙니다"" 의사들도 매일 먹는 영양제 '이걸'꼭 챙겨드세요 (염창환 원장3부)","https://www.youtube.com/watch?v=pKnJEZKadT4"
"쉬프 무브프리 어드밴스드 글루코사민 + 콘드로이틴 타블렛, 200정, 2개","https://www.youtube.com/watch?v=iRh_BbaENs8"
"라이프익스텐션 유로피안 밀크 시슬 베지테리안 캡슐, 60정, 1개","https://www.youtube.com/watch?v=f4zNnzrZiiA"
"광고❌ 2026년 최신 기준, 마그네슘 딱 정해드립니다!","https://www.youtube.com/watch?v=rQNm6Qr0vYI"
"이런 영양제는 돈값합니다 (쏜리서치 영양제 추천 1탄)","https://www.youtube.com/watch?v=LdYqrsFWzJo"
"갑상선 질환에 필요한 셀레늄, 어떤 영양제로 섭취하면 좋을까요?","https://www.youtube.com/watch?v=Ktf4BnbI5t4"
"성장호르몬 치료? 키크는 영양제? 소아과의사의 솔직답변! #Shorts#나는의사다#보이는라디오#김유미","https://www.youtube.com/watch?v=7IQ4FpVTSBs"
"[락토핏] 핏핏핏핏! 내몸에 핏 락토핏!","https://www.youtube.com/watch?v=Pv16UVIf2GE"
"[POPMEDIA] 홈쇼핑 인서트 영상 제작 - 안국 루테인지아잔틴 포뮬라","https://www.youtube.com/watch?v=pr4whhE-Rfk"
"Glukosamin Kondroitin viostin B1G1","https://www.youtube.com/watch?v=p71-rK9Jfwo"
"나우그린 간 건강 프리미엄 밀크씨슬 108g, 120정, 1개","https://www.youtube.com/watch?v=hs4yOrpqvRI"
"fromis_9 (프로미스나인) 'Vitamin ME' MV","https://www.youtube.com/watch?v=sLk8zWUuYTA"
"[아연] 어디에 좋은지 깔끔하게 정리해 드립니다. 남자아연, 면역, 피부, 미각, 두뇌, 여드름 등","https://www.youtube.com/watch?v=NAeSxtEBNFk"
"91. 항산화물질 TOP, 비타민E에 대한 충격적 사실ㅣ비타민, 암예방이 될까요? 팩트만 정리합니다ㅣ비타민A,C,D,E, 셀레늄ㅣ혈액종양내과교수ㅣ문용화ㅣ김슬기","https://www.youtube.com/watch?v=L2zc7tsz08o"
"[koreaeundan_official] 2025_고려은단 멀티비타민 올인원 시리즈 광고_유재석","https://www.youtube.com/watch?v=8OrRhb8sQnw"
"[락토바이브] 불끄기도 스스로 착! EPS유산균도 스스로 착!","https://www.youtube.com/watch?v=Ri3FV-_kZXA"
"눈건강은 역시! 루테인지아잔틴164로!","https://www.youtube.com/watch?v=q3xSu0OHNPQ"
"[광고] 쿠팡 글루코사민 판매 1위, 닥터스베스트 글루코사민 콘드로이친 MSM | 이 포스팅은 쿠팡 파트너스 활동의 일환으로 이에 따른 일정액의 수수료를 제공받습니다.","https://www.youtube.com/watch?v=pURlHR4U6Cc"
"나우그린 간 건강 프리미엄 밀크씨슬 108g, 120정, 4개","https://www.youtube.com/watch?v=mwH9HYTRZrQ"
"뼈를 단단하게 채워주는 필수 영양소,  갱년기 골다공증에 필수 영양제를 안내드립니다.","https://www.youtube.com/watch?v=sVHynlLoAqk"
"왜 비싼거 사세요? 아연, 약사들은 이렇게 먹습니다!","https://www.youtube.com/watch?v=Wk_wMCr49pU"
"암예방, 암치료에 좋은 셀레늄! 여러분 드시고 계신가요?","https://www.youtube.com/watch?v=LAPYXaV7Esw"
"[koreaeundan_official] 2025_고려은단 메가도스 이뮨샷 광고_유재석","https://www.youtube.com/watch?v=ARCjGtoOXyI"
"[락토핏] 내몸에 핏! 나에게 꼭 맞는 맞춤형 생유산균!","https://www.youtube.com/watch?v=VMCphuIBzKc"
"너무 눈부셔서 선글라스 끼고 업로드 했습니다. l 루테인 지아잔틴 164 정우성 메이킹 필름","https://www.youtube.com/watch?v=ra7OKGT0xeA"
"#글루코사민#독일pm #사업&제품문의#충남/경남지역 적극후원","https://www.youtube.com/watch?v=pdxP-0nOJD8"
"담을수록 밀크씨슬 맥스 1200 / 식약처인증 고함량 밀크씨슬 실리마린 600mg 간영양제, 60정, 3박스","https://www.youtube.com/watch?v=o8KCRrMgDj0"
"칼슘제 추가로 꼭 먹어야 하나요? 골다공증에 도움될까? [아이허브, 쿠팡파트너스 광고 활동 포함]","https://www.youtube.com/watch?v=uknyKlN_Tzs"
"비타민D 그렇게 많이 먹어도 돼요? #shorts","https://www.youtube.com/watch?v=WuWL7JhjxlU"
"알고먹자 - 암환자들이 선택한 ‘무기셀레늄’ 셀레나제 300RP","https://www.youtube.com/watch?v=NmLoHuDJeQU"
"[건기식 광고 아카이브] 약해진 뼈를 단단하게, 뼈엔 MBP","https://www.youtube.com/watch?v=B1QC0IfbbBg"
"배우 한선화 실제 사용 후기 |  PRONUTRITION 듀얼플랜 다이어트 유산균으로 몸매 관리 비결!","https://www.youtube.com/watch?v=Yv_JsQUNn6o"
"뉴트리디데이 프리미엄 루테인 골드, 90정, 1개","https://www.youtube.com/watch?v=rvD94FX2hcE"
"정형외과 의사가 알려주는 관절영양제(1) [클루코사민, 콘드로이틴] - 무엇이든 알려주는 O.S LEE","https://www.youtube.com/watch?v=t0bxo5IhYjU"
"나우그린 간 건강 프리미엄 밀크씨슬 108g, 120정, 2개","https://www.youtube.com/watch?v=pqKwSu8og9A"
"알아두면 평생 써먹는 꿀궁합 영양제들 👍","https://www.youtube.com/watch?v=wC16O3eNdh0"
"아연 '이렇게' 섭취하면 혈당과 콜레스테롤 동시에 잡힙니다. 제품 소개 & 세팅 방법","https://www.youtube.com/watch?v=YhmxQCtDLik"
"비타민 E 약보다 더 좋은 음식 3가지! #지식 #음식 #이슈","https://www.youtube.com/watch?v=O-869BcJ1jE"
"""중학생 조카 5cm 컸다""…키 크는 약 광고의 배신 / SBS","https://www.youtube.com/watch?v=BWUnS3IDcfA"
"닥터캡슐 (2005년)","https://www.youtube.com/watch?v=bD6FZcuTMsw"
"종근당건강 루테인지아잔틴 아이클리어 TVC(2021)","https://www.youtube.com/watch?v=sTytnDSci-8"
"Glucosamine Chondroitin MSM with Collagen & Boswellia","https://www.youtube.com/watch?v=tvAS2He2_5M"
"내츄럴플러스 밀크씨슬 멀티미네랄 비타민, 90정, 1개","https://www.youtube.com/watch?v=un653gDaVwY"
"#유료광고 아기비타민D 추천! 더팜 썬디드롭스400IU","https://www.youtube.com/watch?v=whSf_9Y9rxk"
"아연 먹을 때 이런 증상이 있으면 먹지 마세요","https://www.youtube.com/watch?v=_tYzfFwsr_I"
"피로회복을 원한다면 꼭 알아야 할 제품 │ 데이배리어 셀렌톡 500mg 리얼 후기 │ Tune Pick","https://www.youtube.com/watch?v=OGqIUASt1z8"
"Soltice 솔티스 눈영양제 CF!! AI의사가 효과없음 100만원 보장한데~ 누가해 ㅋㅋㅋ 해당사이트 들어가봤더니!","https://www.youtube.com/watch?v=Cy4juLYldHA"
"[듀오락 X 손석구] 유산균 살 때 보장균수만 봐? ㅣ 강한 유산균 듀오락 ㅣ DUOLAC X SON SUKKU 15’’ TVCF #강한유산균 #손석구유산균 #듀오락골드","https://www.youtube.com/watch?v=c6QTVjNuSfo"
"[koreaeundan_official] 2023 루테인 지아잔틴 아스타잔틴 광고_유재석_30s","https://www.youtube.com/watch?v=syrZeF8GkjQ"
"글루코사민 크림 어깨 손목 무릎 허리 근육 테니스 골프 엘보우 엘보 웜업 바르는 파스 스포츠 마사지 크림 겔, 120ml, 4개","https://www.youtube.com/watch?v=tw4z9IbLKn8"
"종근당건강 헬씨칸 밀크씨슬 로얄, 30정, 1개","https://www.youtube.com/watch?v=vxpF34YChRo"
"#광고 에이브랩 비타민DK, 뼈 건강 영양제 찾는다면 메나퀴논7까지! 💊🦴","https://www.youtube.com/watch?v=xCb56xF9bQo"
"아연, 네 or 아뇨","https://www.youtube.com/watch?v=bp0NzPn-yIE"
"2024년 가성비 비타민E 추천 TOP5","https://www.youtube.com/watch?v=Pztd5vUrH8I"
"네이버 광고 | 건기식 마케팅(건강기능식품 마케팅) 네이버 광고 운영 방법 현직 마케터가 직접 알려드립니다! #건기식마케팅 #마케팅교육","https://www.youtube.com/watch?v=DZtk3gsxYww"
"1000배 증식유산균 청인, 새 광고 결합2","https://www.youtube.com/watch?v=ceIZNqyVYSg"
"광고 루테인지아잔틴 나만 알고 싶은! 구경하세요 추천 TOP10","https://www.youtube.com/watch?v=t3C7cV7iwP4"
"Best Glucosamine Drink for Joint Pain Relief & Flexibility! 🍋 Interelia Effervescent Tablets","https://www.youtube.com/watch?v=-_8E-uMNa1I"
"(광고) 밀크씨슬로 간 에너지 다시 찾은 이유 #간건강 #밀크씨슬#직장인건강 #피로회복#비타민B #JunLifeMall","https://www.youtube.com/watch?v=wY1Y_q70tqw"
"비타민D 이런 증상 생기면 섭취 중단하세요 치명적인 부작용 일 수 있습니다  (필수 영양제 부작용 몰아보기)","https://www.youtube.com/watch?v=xajwgN8CpjY"
"[영양제리뷰31] 가성비 아연 영양제 1등 추천! 고민말고 이걸로 드세요[비스글리시네이트 아연, 피콜리네이트 아연, 구연산아연, 산화아연] (아이허브, 쿠팡파트너스 광고활동 포함)","https://www.youtube.com/watch?v=cBvI5cCW6WY"
"원약사가 알려주는 셀레늄에 대한 모든 것","https://www.youtube.com/watch?v=SBYildw5vc8"
"[올리브베러] 모두의 잘 먹기 프로젝트 | 60s","https://www.youtube.com/watch?v=F0zy9mxnJSQ"
"국내 인기 유산균 TOP 60 끝장 리뷰. 상상했던 것과 너무 달랐습니다.","https://www.youtube.com/watch?v=dyfs_JJgiiE"
"플래티넘 루테인 플러스 90캡슐(3개월분) 루테인 아스타잔틴 눈건강, 90정, 1개","https://www.youtube.com/watch?v=tnB9pVxPrZQ"
"naturesaid GCM3 #숏츠 #건강기능식품 #글루코사민콘드로이친MSM","https://www.youtube.com/watch?v=0S5cPu9Rc1I"
"[얼라이브+밀크씨슬] 간부터 당장! 얼라이브+밀크씨슬 9"" 테이블편","https://www.youtube.com/watch?v=wxlaXF393Ss"
"광고 뼈 건강, 골다공증 예방! 칼슘 영양제 추천 순위 Best5 ㅣ종근당ㅣ뉴트리원ㅣ세노비스ㅣ뉴트리디데이ㅣ솔가ㅣ마그네슘ㅣ비타민ㅣ어골칼슘ㅣ해조칼슘ㅣ아연ㅣ아연ㅣ폴리감마글루탐산ㅣPGA","https://www.youtube.com/watch?v=yW18uRzFDX4"
"과학적으로 가장 유용한 영양제 + 주의사항","https://www.youtube.com/watch?v=d7S2ePs9JXU"
"죽어가던 췌장을 살리는 영양제 3가지 #건강  #건강정보 #50대 #60대 #췌장암 #영양제","https://www.youtube.com/watch?v=SvKxmEXxylU"
"저녁 자기 전에 먹으면 큰일나는 영양제!? #오메가3 #비타민d #프로틴","https://www.youtube.com/watch?v=F_yRlRsZZNg"
"빙그레_닥터캡슐_차태현_랄랄라랄라","https://www.youtube.com/watch?v=f2fWEkgB6AI"
"루테인, 지아잔틴 등 눈 영양제, 이런 분들은 무조건 드셔야 합니다 / 아주대병원 안과 송지훈","https://www.youtube.com/watch?v=uviqW5kBpNY"
"이 영상 안 보고 관절영양제 사면 돈 버립니다 (광고 아닙니다!!) #관절건강 #시니어건강 #무릎통증","https://www.youtube.com/watch?v=398A03MQ_90"
"종근당건강 헬씨칸 밀크씨슬, 30정, 22.5g, 2개","https://www.youtube.com/watch?v=zEtkctewAnA"
"비타민D 섭취 시 주의할 점 4가지 I 비타민D 바로 끊어야 하는 신호? 용량과 복용법까지","https://www.youtube.com/watch?v=ybmQnfWiOwc"
"영양제는 언제 먹는 게 좋은가요? #Shorts","https://www.youtube.com/watch?v=gTeNrHJW-Vs"
"[엘브리지] 유해산소 잡는 독일 셀레늄 메가셀렌","https://www.youtube.com/watch?v=UvRGjZ0WJTc"
"[건기식 광고 아카이브] 하루 한 번, 에버콜라겐 습관","https://www.youtube.com/watch?v=FusdYLA8nl8"
"내려간 잇몸을 재생시키는 약이 있다?🤔 #잇몸재생","https://www.youtube.com/watch?v=gHO2HcBi4wg"
"종근당 아이클리어 루테인 2개월분 하루한알 루테인지아잔틴 아이클리어 지아잔틴 눈 건강기능식품 눈건강 눈에 좋은 식품 눈에좋은 눈사랑 추천 누테인 영양제 종근당 루테인","https://www.youtube.com/watch?v=uxemaBW9r1Y"
"NUTRILITE Glucosamine HCL with Boswellia (NUTRACEUTICAL)","https://www.youtube.com/watch?v=3I3m7ntm6as"
"뼈건강 면역력 영양제 우유맛 칼슘 플러스 츄어블","https://www.youtube.com/watch?v=zAl0PF0QSbI"
"마그네슘, 칼슘, 아연, 크롬, 셀레늄? 이거 하나만 드시면 됩니다 (비타민K2, 비타민D3, 혈관 석회화, 골다공증 )","https://www.youtube.com/watch?v=kePYsBUc7og"
"항산화 필수! 셀레늄 #셀레늄 #셀레늄효능 #항산화 #면역력 #피로회복 #건강관리 #영양제 #생활건강 #에너지충전 #영양정보 #건강정보 #두뇌활동","https://www.youtube.com/watch?v=V8qqobsuyFw"
"건기식 DB광고 전략 및 일반식품 DB광고 전략 [1편] (2026년 버전)","https://www.youtube.com/watch?v=GuWdj1GfaDY"
"빙그레 닥터 캡슐 (1999년)","https://www.youtube.com/watch?v=lSOZuN2UhfY"
"루테인 효과, 안과 의사의 솔직한 답변","https://www.youtube.com/watch?v=vngtHLGc0pA"
"vitamatic GCM2 #숏츠 #건강기능식품 #글루코사민콘드로이친MSM","https://www.youtube.com/watch?v=3wtzN3PgkHk"
"면역력 필수! 아연 #아연 #아연효능 #면역력 #피부건강 #피로회복 #건강관리 #영양제 #생활건강 #에너지충전 #영양정보 #건강정보 #두뇌활동","https://www.youtube.com/watch?v=mfW1-uhjn0M"
"광고❌️ 착색관리 단돈 4000원대 가능 #추천템 #삶의질상승템 #잘산템 #미백크림 #착색크림","https://www.youtube.com/watch?v=VU1k9rql8E8"
"[건기식 광고 아카이브] 자신 있는 나를 위한 선택, 다이어트는 역시 스키니랩","https://www.youtube.com/watch?v=IMyuVeuMY9U"
"엄마랑 주사위 땅따먹기 게임ㅋㅋ","https://www.youtube.com/watch?v=onaVmTlVktA"
"[안국건강 | 아이원 30] 눈 건강의 한 수 위! 👀 국내 최대 루테인지아잔틴 30mg #루지아3012 (30s)","https://www.youtube.com/watch?v=waLlfItXorQ"
"오늘 하루 10만번 이상 움직인 관절엔? 프리미엄 관절영양제 관절화인을 선택하세요!                           (닥터화인 , 비타화인, 활력화인, 뼛속화인)","https://www.youtube.com/watch?v=7iTRvw9xtxQ"
"무심코 오래 먹으면 간을 해치는 영양제, 이런 영양제는 오래 드시지 마세요  (영양제 다빈도 질문)","https://www.youtube.com/watch?v=sArRkSUgULg"
"비타민c앰플, 제대로 안 바르면 돈 낭비","https://www.youtube.com/watch?v=WXaIMTIwLMw"
"이거 A.I 아니고 건강기능식품 광고야 #서경석 #건강기능식품 #보강 #관절청","https://www.youtube.com/watch?v=IXBSybqNBik"
"과민성대장, 과민한 장, 예민한 장으로 인한 설사 이 유산균으로 잡을 수 있습니다. [아이허브, 쿠팡파트너스 광고 활동 포함]","https://www.youtube.com/watch?v=t5nSCDJalYQ"
"[광고]하루보람 루테인","https://www.youtube.com/watch?v=x845ryVHoAU"
"멍멍 약국에서 생긴 일 [강아지 관절 영양제 광고 영상]","https://www.youtube.com/watch?v=84lvaJSf7Bk"
"지긋지긋한 여드름 피부에서 꿀피부 만들어준 영양제. 제발 1달만 따라해보세요!!!!","https://www.youtube.com/watch?v=sPR_zmPYSpI"
"주름 잔주름 눈밑꺼짐 비타민E 이 비율로 섞으면 효과 놀라워요!!","https://www.youtube.com/watch?v=Y2lbTr4LxQo"
"#당뇨 #혈당관리 #당뇨영양제 #건강정보#당뇨환자주의 #혈당상승#영양제주의사항 #건강보조제 #약이되는정보#건강채널 #의사가말하는 #내몸건강 #영양제주의#당뇨쇼츠  #건강상식","https://www.youtube.com/watch?v=JFUJ1aDNcm4"
"잘 누는 아이 유산균, 쎌티아이 키즈","https://www.youtube.com/watch?v=wBWUeaiJMUc"
"루테인, 이제 먹지 말고 바르세요 #루테인아이세럼 I 아이솔브","https://www.youtube.com/watch?v=yTYN0x9vKck"
"arazo GCM2 #숏츠 #건강기능식품 #글루코사민콘드로이친MSM","https://www.youtube.com/watch?v=8srf4f2rV0A"
"약사가 꾸준히 챙겨먹는 3가지 영양제 (고약사 영양제 추천)","https://www.youtube.com/watch?v=zK6rB-qhTDI"
"[케인미디어그룹]온가족 건강을 책임지는 메가셀렌!!","https://www.youtube.com/watch?v=YPWh0N0eRn8"
"[건기식 광고 아카이브] 눈 노화, 더 늦기 전에! 눈 노화엔 아이클리어!","https://www.youtube.com/watch?v=KfpotzjuMTY"
"유익균을 늘리자! 오한진 프리바이오틱스 FOS [#다다스튜디오]","https://www.youtube.com/watch?v=1UplbpxST5s"
"루테인, 언제 먹는 게 좋을까? (아침? 저녁?)","https://www.youtube.com/watch?v=yhk7vcDTJyo"
"호관원, 천관보, 관절보궁... 관절염 완화 효과는? 약비와석쌤#3 #호관원 #천관보 #관절보궁","https://www.youtube.com/watch?v=9Z5fsz3Dmto"
"비타민E 효능 5 가지 #비타민e 추천상품 '설명' 참조(화면 길게 누르기)","https://www.youtube.com/watch?v=YkltO8RUh44"
"연예인들끼리 공유한다는 면역 끝판 영양제!","https://www.youtube.com/watch?v=KxcXVIaFr-U"
"서울대병원 교수가 알려주는 프로바이오틱스 사용법!","https://www.youtube.com/watch?v=1oAPSSfC-8c"
"[김돼리 광고REF] 뉴트리원 루테인 지아잔틴 164 정우성","https://www.youtube.com/watch?v=ysvcPAqWu-I"
"휴지기 없는 강아지관절영양제 네이쳐스키 광고영상","https://www.youtube.com/watch?v=AnaWb6DDAzI"
"셀레늄 효능 5가지 #셀레늄 추천상품 '설명' 참조(화면 길게 누르기)","https://www.youtube.com/watch?v=Zg_C_ygxJ48"
"세노비스 콜라겐 히알루론산 앰플샷 [건기식 광고 아카이브]","https://www.youtube.com/watch?v=L4KfNfwGB1s"
"선택하라 프리바이오틱스 장건강 솔루션 플러스","https://www.youtube.com/watch?v=2DMM40MV6do"
"GNM자연의품격 | 조정석 루테인_눈을 위해 풀로 채운 자격(30s)","https://www.youtube.com/watch?v=zYit40_KujI"
"bluebonnet GCM #숏츠 #건강기능식품 #글루코사민 #콘드로이친 #MSM","https://www.youtube.com/watch?v=B8IfP7oz1KU"
"비타민E","https://www.youtube.com/watch?v=_RVZM9nvkP4"
"[건기식 광고 아카이브] 나의 장건강+자신감, 수퍼바이오틱스 콜레스테롤","https://www.youtube.com/watch?v=M4AD7_oBfp4"
"[방송프로그램제작]MBN다큐 ""프리바이오틱스""를 부탁해","https://www.youtube.com/watch?v=5TZNWEJcoVo"
"[SD플랫폼] 루테인 광고영상","https://www.youtube.com/watch?v=zjymvOheVG8"
"NMN영양제! 알고드세요!!! #노화방지 #NMN영양제 #영양제 #암","https://www.youtube.com/watch?v=DyYHNYd07ag"
"비타민E 의 효능과 제품 고를 때 주의사항","https://www.youtube.com/watch?v=_c2eKD4kzmg"
"[건기식 광고 아카이브] 내 라인 부러움? 편안하게 잘 재움! 잔티움 나이트버닝","https://www.youtube.com/watch?v=M6qVHQ8eeBc"
"'프리바이오틱스' 현명하게 따져 먹는 방법 💪 친절한 진료실(hello my doctor) 6회","https://www.youtube.com/watch?v=7XTmKll9Cy0"
"루테인, 이제 먹지 말고 바르세요 #루테인아이세럼 I 아이솔브 / 12s","https://www.youtube.com/watch?v=-k4oyY7AHNI"
"parhaat GCM #숏츠 #건강기능식품 #글루코사민콘드로이친MSM","https://www.youtube.com/watch?v=EaAt23SQ9yc"
"탈모 때문에 스트레스 받던 한가인의 극복템#탈모#탈모샴푸#탈모에센스#두피에센스#샴푸#샴푸추천#쿠팡추천템","https://www.youtube.com/watch?v=ar3b90hbCN8"
"오쏘몰의 영양력이 당신의 영향력으로 (팀장 30s)","https://www.youtube.com/watch?v=MN_tIwIwqS4"
"건강한 장수 비결 '장 건강'에 도움 되는 '프리바이오틱스' 친절한 진료실(hello my doctor) 6회","https://www.youtube.com/watch?v=7YFUsakqzN0"
"CJ 아이시안 루테인 지아잔틴 플러스케어","https://www.youtube.com/watch?v=0EkaCDWmB04"
"softbear GCM #숏츠 #건강기능식품 #글루코사민 #콘드로이친 #MSM","https://www.youtube.com/watch?v=FQ1Z20HtqdA"
"바세린의 대표 효능 3가지”를 비타민E와 혼합한 활용법#바세린비타민E #동안비법 #피부재생","https://www.youtube.com/watch?v=ctdZlX_pArw"
"영양제 과대광고 알아보는 법","https://www.youtube.com/watch?v=Mn--lkG2jT8"
"장 건강 지켜 면역력 강화를 돕는 '프리바이오틱스' TV정보쇼 알짜왕(alzzaking) 194회 | JTBC 201105 방송","https://www.youtube.com/watch?v=7mviw2iwoG8"
"루테인, 이제 먹지 말고 바르세요 #루테인아이세럼 I 아이솔브 / 12s","https://www.youtube.com/watch?v=9m7iqMGoQSM"
"정형외과 의사들이 추천하는 관절영양제","https://www.youtube.com/watch?v=GFEyUbaFgco"
"암세포를 직접 죽이는 가장 검증된 '항암 영양제'로 이런게 있습니다. 갑상선암, 유방암, 췌장암, 대장암을 예방하는 검증된 항암영양제 (feat 리틀약사)","https://www.youtube.com/watch?v=dBso0RsosKk"
"연예인 건강 1등! 의사가 고른 유일한 영양제!","https://www.youtube.com/watch?v=MrvMz1DeQlA"
"낙산균!!! 어떤 프로바이오틱스이고 어디에 좋은지.. 약사가 설명을 드립니다 (왜 만성염증 성인병 체중감량에 도움이 될까요?)","https://www.youtube.com/watch?v=8RBxr7EKaCs"
"안국건강 - 안국루테인 촬영장편_15s","https://www.youtube.com/watch?v=A-NjDqpS8co"
"uarkendos GCM2 #숏츠 #건강기능식품 #글루코사민콘드로이친MSM","https://www.youtube.com/watch?v=GmIvxegcees"
"영양제 이렇게 먹으면 오히려 암을 유발합니다! 서울아산병원 정희원 교수","https://www.youtube.com/watch?v=fFT6y-v5Eps"
"#메타광고 건기식과 뷰티는 4가지만 따라하세요","https://www.youtube.com/watch?v=N7p-k9wQfEU"
"나는 프리바이오틱스 먹어도 되는 사람? 안되는 사람? 유산균 고를 때 이건 확인하자! #약사 #다다약사 #유산균 #프리바이오틱스 #프로바이오틱스 #과민성대장증후군 #건강 #쇼츠","https://www.youtube.com/watch?v=8TAldt_3YlQ"
"연세 루테인 플러스_인포벨 홈쇼핑","https://www.youtube.com/watch?v=CHOw23s17GA"
"「관절 영양제 고르기 #지식","https://www.youtube.com/watch?v=HXR5Rzmo2Z8"
"영양제 사 먹을 돈으로 '이 2가지만' 챙겨드세요 (서울아산병원 정희원 교수)","https://www.youtube.com/watch?v=ipDMPkMmN0I"
"건기식 마케터/판매자라면 꼭 알아야 할 #표시광고 가이드라인","https://www.youtube.com/watch?v=NhYdksTFk68"
"돈낭비 유산균 거르는법!(쉬움)","https://www.youtube.com/watch?v=9GGpv3KWPa4"
"2018 안국건강 루테인 풋티지광고","https://www.youtube.com/watch?v=FPWPlvJmTg4"
"연골에 좋은 영양제도 있나요? #Shorts","https://www.youtube.com/watch?v=IDTk4B_SiZ0"
"약사들이 돈 줘도  절대 먹지 않는 위험한 약 3가지 대공개! #건강","https://www.youtube.com/watch?v=jSadK7y8NHY"
"건강기능식품(액상차) 홍보영상 레퍼런스 #숏폼광고 #숏폼영상 #네이버플레이스영상 #메타광고 #인스타광고 #릴스광고","https://www.youtube.com/watch?v=OAtYyN0YNCc"
"(이해 쏙쏙) 프리바이오틱스-프로바이오틱스의 차이점★ 체인지 30회","https://www.youtube.com/watch?v=AdHVlpfeJ04"
"두아이 아빠 약사가 아이들 절대 안먹이는 영양제 3가지","https://www.youtube.com/watch?v=KZrgAOHRK-0"
"닥터스베스트 글루코사민 콘드로이친 MSM 캡슐, 360정, 1개","https://www.youtube.com/watch?v=IIfJ82igOeU"
"""집에서 단돈 3천원"" 얼굴 뒤덮은 검버섯, 기미 싹 녹이고 싶다면 화장품 대신 바세린과 '이것 3방울' 섞어 바르세요. 피부 나이 20년 젊어집니다(정은주 모델 1부)","https://www.youtube.com/watch?v=jhskTyC5I7I"
"[건강기능식품 광고 아카이브] Global K-health No.1 한풍네이처팜","https://www.youtube.com/watch?v=O___GwHIo_s"
"유산균 프리바이오틱스 포함 필수","https://www.youtube.com/watch?v=CgtSYpA90dM"
"[정려원의 큐비앤] 눈건강엔 N 루테인 아스타잔틴 (15"")","https://www.youtube.com/watch?v=MUdqykSD_xg"
"Ultra Glucosamine - Desk","https://www.youtube.com/watch?v=IUkHYIBZkik"
"셀레늄 추천 실제 구매자가 선택한, 가격 대비 가치있는 상품 10가지","https://www.youtube.com/watch?v=kdFks3VUfbk"
"[official] 2026 참 쉽다, 데이팩 올인원영양제 TVC 광고 30s","https://www.youtube.com/watch?v=P-YTAviQgIM"
"프리바이오틱스..? 프로바이오틱스..? 의사들이 쉽게 설명해드립니다!ㅣ마음편한유외과 ㅣ 자율신경기능의학 ㅣ 아프지마쇼","https://www.youtube.com/watch?v=EsPGGHmGu4w"
"Cellreon 셀리온 - 루테인 아스타잔틴","https://www.youtube.com/watch?v=ONt4XAEjxZY"
"어깨 통증 염증에는  ' 이 영양제 하나만 ' 드시면 됩니다 (관절의 염증을 뺴주고 붓기를 개선 시키는 관절영양제)","https://www.youtube.com/watch?v=Ja9UTGiuXsw"
"[koreaeundan_official] 2020_고려은단 멀티비타민 올인원 광고_런칭 편_유재석_60","https://www.youtube.com/watch?v=l4gd8qQFSak"
"키크는 수술에 2억을 쓴 후기","https://www.youtube.com/watch?v=Plv5d98e0Gs"
"장 건강에 도움 주는 『포스트바이오틱스』 #광고포함  | [굿모닝 정보세상] 338  | TV CHOSUN 20201231 방송","https://www.youtube.com/watch?v=H_h1XhPuh54"
"완벽한 정우성의 눈 관리비법은? │ 뉴트리원 루테인지아잔틴 164","https://www.youtube.com/watch?v=Qk_qjEMCsY8"
"흡수율을 높인 바르는 글루코사민 크림 엠카크림 #유료광고","https://www.youtube.com/watch?v=JlSG-nPfkNQ"
"셀레늄 효능 부작용 하루 권장량 총정리 (암세포까지 잡아내는 면역증가 영양제)","https://www.youtube.com/watch?v=n3_RY_DOsSo"
"[건기식 광고 아카이브] Beauty Inside, Dear Queen","https://www.youtube.com/watch?v=QqSgAP8YFbY"
"[영양제 리뷰 44] 유산균 가성비 1등은? 200종 이상 비교 후 추천 했습니다 [아이허브, 쿠팡파트너스 광고활동 포함]","https://www.youtube.com/watch?v=IdtkAro0EGk"
"[광고]추석선물로 종근당건강 아이클리어 눈사랑루테인 추천해요","https://www.youtube.com/watch?v=R0W0L22Zvas"
"[맥스콘드로이틴 1200] 관절엔, 지금 바로 약으로!","https://www.youtube.com/watch?v=LHcDTubcmQU"
"[금연친구] 니코틴배출제품 금연에 도움이 되나? NO! (금연습관 만드는 방법)","https://www.youtube.com/watch?v=nRY39v_MODk"
"[건기식 광고 아카이브] 빈틈없는 관절연골 건강을 위한 새로운 선택!","https://www.youtube.com/watch?v=S-U8zmZ7KZg"
"데이즈온 프리바이오틱스 광고 영상 FULL","https://www.youtube.com/watch?v=LKNbTz6mSgY"
"종근당건강 루테인 아이클리어 진종오편(2021)","https://www.youtube.com/watch?v=cIVh-VCJPoU"
"관절 영양제(글루코사민, MSM 등), 광고만큼 진짜 효과 있을까 #shorts #관절영양제 #퇴행성관절염 #글루코사민 #MSM #노인건강 #어르신건강 #관절건강 #건강상식","https://www.youtube.com/watch?v=LbCkO4yH4MM"
"셀레늄 3가지 효능","https://www.youtube.com/watch?v=nc2abJ--jKQ"
"#메타광고 건기식과 뷰티는 4가지만 따라하세요","https://www.youtube.com/watch?v=TyhMwcQy8-E"
"유산균 대신 프리바이오틱스 음식편 | 대장암1위 대한민국 | 항생제 | 장내미생물","https://www.youtube.com/watch?v=PSMAgMxzlYc"
"안심캡슐 - 안국루테인 대기실편 _15s","https://www.youtube.com/watch?v=dJ3NZWk7BCA"
"Glucosamine Complex Food Supplement Capsules","https://www.youtube.com/watch?v=MRwTtqnlGjg"
"몸에 좋은 비타민E에 대한 충격적 사실","https://www.youtube.com/watch?v=r9-16Xl17Gk"
"[건기식 광고 아카이브] 비에날씬, 유산균으로 다이어트하는 문화를 만들다","https://www.youtube.com/watch?v=Vcvh1icLOpg"
"장건강에 좋은 식이섬유는? [프리바이오틱스, 저항성전분, 차전자피, 장건강, 장내미생물,발효]","https://www.youtube.com/watch?v=T9X6xTjX0wI"
"아이세이프 루테인","https://www.youtube.com/watch?v=eBXQtWMPUGM"
"밭일 농사 필수 관절영양제, 굿즈라이프 콘드로이친1200","https://www.youtube.com/watch?v=MSqiDUE7TVw"
"바셀린보다 200배 강력한 피부 보습 꿀팁! (비타민 E 오일 보톡스 효과)”","https://www.youtube.com/watch?v=rq8_7yYpyvI"
"이런 영양제는 무조건 저렴한게 더 낫습니다.","https://www.youtube.com/watch?v=YaVC7FQXKY4"
"자연에서 얻는 프리바이오틱스 ◆아가베 이눌린◆ #광고포함  | [굿모닝 정보세상] 303회  | TV CHOSUN 20201030 방송","https://www.youtube.com/watch?v=TG6mfvVMssI"
"Blackmores Optiblu 1080x1920 15sec","https://www.youtube.com/watch?v=uZ-JYOVMtio"
"콘드로이친, 돈아깝게 왜 드세요? 효과 좋은 관절염 영양제를 알려드립니다.","https://www.youtube.com/watch?v=NgLLCKzEwKo"
"의사가 셀레늄을 추천하는 이유가 있습니다!","https://www.youtube.com/watch?v=sUTsyMX77BU"
"건기식이 87만 뷰? 메타광고 숏폼 소재 뽑는법 다 알려드림","https://www.youtube.com/watch?v=_WabqkyS860"
"차박사의 건강TV 2회~! 넘치고 넘치는 프리바이오틱스 제품들! 돈낭비 없이 효과만점으로 드실 수 있는 방법을 알려드립니다~","https://www.youtube.com/watch?v=VH4IUe8rLb4"
"눈영양제에 돈쓰지 마세요. '이것' 놓치면 시력 떨어집니다","https://www.youtube.com/watch?v=wwpN0JsTjcM"
"엄마들 사이에서 난리 난 관절 영양제","https://www.youtube.com/watch?v=PFF96Ne-lg8"
"비타민E효능과 권장량 #건강 #지식","https://www.youtube.com/watch?v=sX_oa_s6zfA"
"광고없이 꾸준히 지속적으로 판매되는 영양제팔아서 조용히 돈버는남자","https://www.youtube.com/watch?v=ayqU3Hk6Qlc"
"'어떤 유산균을 먹으면 좋을까요?' (feat.프리바이오틱스/프로바이오틱스/신바이오틱스/포스트바이오틱스)","https://www.youtube.com/watch?v=VrkpOqyNBZA"
"관절영양제 호호관절 천호엔케어 콘드로이친 터마신 강황추출물, 1박스, 120정","https://www.youtube.com/watch?v=PFvmPtS5Ylg"
"약사가 알려주는 비타민 E 의 효능, 생리통 갱년기 불임이신 분들 보세요","https://www.youtube.com/watch?v=scQC0UzG7Ew"
"sns 영양제 광고가 대부분 불법 과장광고인 이유","https://www.youtube.com/watch?v=bN8LzHFVIM0"
"＂당뇨병＂과 ＂비만＂을 해결해주는! [프리바이오틱스] MBN 201110 방송","https://www.youtube.com/watch?v=_hmJNYSB8JA"
"bestnatural GCM #숏츠 #건강기능식품 #글루코사민 #콘드로이친 #MSM","https://www.youtube.com/watch?v=Qv7QUIVABGo"
"영양제 끝판왕 연예인들끼리 서로 추천하는","https://www.youtube.com/watch?v=u8k5lPY_32M"
"“돈 주고 광고하면 다 팔린다” 사는 순간 돈 내다버리는 최신 유행 영양제 (정재훈 약사 1부)","https://www.youtube.com/watch?v=b_n6HdrgRNM"
"장 건강과 다이어트에 좋은 ✧프리바이오틱스✧ #광고포함 | [알콩달콩] 56회 | TV CHOSUN 20201119 방송","https://www.youtube.com/watch?v=a8aGnooDpy8"
"peregrune GCM #숏츠 #건강기능식품 #글루코사민 #콘드로이친 #MSM","https://www.youtube.com/watch?v=Rpw2B5zu8u0"
"셀레늄 영양제 먹지 마세요, 이유는 이것","https://www.youtube.com/watch?v=uGXEv1Z_usk"
"[건기식 광고 아카이브] 서울프로폴리스 기업 소개","https://www.youtube.com/watch?v=bx1XnDMRe9M"
"강력한 산 앞에서도 장까지 살아남는 유산균 ☞ 프리바이오틱스 맛있는 이야기 미라클 푸드(Miracle Food) 107회 | JTBC 210424 방송","https://www.youtube.com/watch?v=hipkR0saJg8"
"j&nnaturals GCM2 #숏츠 #건강기능식품 #글루코사민콘드로이친MSM","https://www.youtube.com/watch?v=S5Ssei4OHv4"
"복잡한 비타민E, 각 형태별로 올바르게 먹는 법, dl-알파 토코페롤의 진실 [의사가 쉽게 알려드림 / 근알의]","https://www.youtube.com/watch?v=uMoEonZV1zs"
"2024년 미국 고향의 맛, ""그래 이 맛이야"" 네이처메이드 비타민C 구미_숏츠","https://www.youtube.com/watch?v=eOiVMcabNSk"
"장부터 묵은 살까지 쏙~ '프리바이오틱스' 똑똑하게 먹는 법 | 행복한 아침 543 회","https://www.youtube.com/watch?v=iz2rwAiJb_M"
"강아지 글루코사민, 단독으로 먹여본 실험이 없습니다.","https://www.youtube.com/watch?v=Tukn29NQi58"
"암세포 얼씬도 못합니다!  내 몸 면역력을 위해 딱 3가지만 드세요? (이왕재 원장) #비타민 #홍삼 #셀레늄 #홍셀타민 #항암 #암치료 #이왕재","https://www.youtube.com/watch?v=wkKofN-WA5Q"
"간을 망치는 영양제 이걸 조심하세요","https://www.youtube.com/watch?v=fdzl5xypOk8"
"프리바이오틱스와 프로바이오틱스 차이는?!","https://www.youtube.com/watch?v=jau6oKXQtHA"
"광고식약처 인정 관절 건강 영양제 💊 ‘관절스타 보스웰리아 비타민#관절스타 #보스웰리아 #비타민D #세라트린 #식약처인정 #데일리템 #제품리뷰 #캠핑필수템","https://www.youtube.com/watch?v=U2ZGn6fiHO4"
"좋은 글루타치온 딱! 이것입니다. 항산화 효능 흡수 돕는 비타민c 셀레늄 커큐브레인 코엔자임큐텐 복용법과 글루타치온 음식 #영양제찐템 #가성비영양제 #영양제추천 #갓생살기","https://www.youtube.com/watch?v=zQdVGCUa1fI"
"건강기능식품_AI 광고 영상 제작과정 전격 공개!","https://www.youtube.com/watch?v=g9WwM8u6dj0"
"프리바이오틱 제로 소다 Happiz의 탄생(with. Felix) (FULL)","https://www.youtube.com/watch?v=trJyq5Kbq7A"
"GNC MSM GLUCOSAMINE","https://www.youtube.com/watch?v=V75iwDy0OR8"
"[뉴트리디데이] 정경호 TV CF｜시그니처 파이토 이뮨｜액상비타민｜이뮨비타민  FULL ver.","https://www.youtube.com/watch?v=0nXNWl3B1Z4"
"[건기식 광고 아카이브] 솔가 면역비타민D3 2000 위드 아연 & 비오틴 5000","https://www.youtube.com/watch?v=h7te3HAxv-A"
"비만 잡아주는 ′프로바이오틱스′ 와 ′프리바이오틱스′ 차이점 맛있는 이야기 미라클 푸드(jtbcmiraclefood) 23회","https://www.youtube.com/watch?v=v-6e9R9BV-o"
"관절영양제 효과측정","https://www.youtube.com/watch?v=WdyFqogw_Os"
"[얼라이브] 국내 최초! 10시간 지속 비타민C #얼라이브 #비타민추천 #직장인 #신제품","https://www.youtube.com/watch?v=2wLqLA8zrog"
"[악뮤] 그니까 이게 어떻게 영양제 광고","https://www.youtube.com/watch?v=hhaZp3kcJ9g"
"03  더블액션프리바이오틱스 모델링","https://www.youtube.com/watch?v=yGve552Zhcw"
"관절 연골 건강의 새로운 기준 보스웰리아 BCC","https://www.youtube.com/watch?v=X6OK887LWyA"
"영양제 유목민 정착! 💊 코스트코 영양제 추천 3가지 (코스트코/영양제/건강)","https://www.youtube.com/watch?v=3_Rm2QwiALQ"
"영양제 광고 Ai","https://www.youtube.com/watch?v=hipkHER-5-g"
"[세노비스] 콜레스테롤 유산균 수퍼바이오틱스 콜레스테롤로 나쁜 콜레스테롤 SAY NO! (30"")","https://www.youtube.com/watch?v=-ugV39UN0TY"
"관절영양제 관절튼튼1000 제품설명 방송영상","https://www.youtube.com/watch?v=XxrCviDP7aA"
"영양제 여러개 먹기 힘들어서  딱 한가지만 먹는다면? 이거 드세요! ! 고약사가 추천하는 해외 종합 비타민 ( 약들약 직구영양제 )","https://www.youtube.com/watch?v=5eFFy6zR1Mk"
"10cm 키 커지는 방법ㄷㄷ","https://www.youtube.com/watch?v=i_gAJ2zvN6I"
"CJ 바이오코어, 이젠 기능성 유산균을 선택해 바이오(w.화사)","https://www.youtube.com/watch?v=0RyxlRuyp1Y"
"한국인의 관절 건강, 관절엔 콴첼~🎶","https://www.youtube.com/watch?v=YjereJpyZlQ"
"SK케미칼 기넥신 광고 영상 (Disita, 15초)","https://www.youtube.com/watch?v=78Bg6KfgJ1g"
"트리플러스 작은 습관, 매일의 차이 [건기식 광고 아카이브]","https://www.youtube.com/watch?v=j8DzR2OMOl4"
"대한민국 1등 혈당유산균, 매일 혈당 관리엔 당큐락","https://www.youtube.com/watch?v=1fm043q84Rw"
"neviss GCM2 #숏츠 #건강기능식품 #글루코사민콘드로이친MSM","https://www.youtube.com/watch?v=YqnlciGzTOk"
"아이부터 부모님까지 함께 먹는 비타민! #shorts","https://www.youtube.com/watch?v=RQOSQYz6ufo"
"[건기식 광고 아카이브] 한 샷으로 바뀌는 에너지, 원 샷 원데이 아임비타","https://www.youtube.com/watch?v=k-RHgq8lOc8"
"[락토핏x소울리스좌] 역시 대한민국 1등 유산균 락토핏","https://www.youtube.com/watch?v=1j-vv8GLe1E"
"글루코사민,관절,손가락마디,노화로관절,손목,어깨통증👍👍","https://www.youtube.com/watch?v=ZxZyBnmvxMc"
"[센트룸] 건강한 이들의 이유있는 선택, 센트룸 멀티비타민!_세계판매 1위","https://www.youtube.com/watch?v=RxEdUsYCDME"
"이명난청, 필수 영양소 #이명난청영양제 #난청이명치료 #귀에좋은","https://www.youtube.com/watch?v=k8Cujqz3CcY"
"중독성 1티어 광고노래 모음 2탄🎹 #shorts","https://www.youtube.com/watch?v=1vGJIlNa3k4"
"uarkendos GCM #숏츠 #건강기능식품 #글루코사민 #콘드로이친 #MSM","https://www.youtube.com/watch?v=a6CedQ-GaD0"
"종합비타민 산다고요? 이거면 고민 끝 - 한눈에 쉽게 보게 만든 멀티비타민 티어리스트","https://www.youtube.com/watch?v=T0eRhzbnK_8"
"274kg 초고도 비만…위고비 15주, 결과는? #뉴스토리 #shorts","https://www.youtube.com/watch?v=lL45sNChNG4"
"데이즈온 오한진 프리바이오틱스 시즌3 업그레이드","https://www.youtube.com/watch?v=5IrEwQlSwdM"
"관절컨트롤 관절연골영양제 관절영양제 관절건강 뼈건강 마그네슘 관절근육 근육관절","https://www.youtube.com/watch?v=atIXkI3oXT8"
"손흥민이 선택한 하루틴✨","https://www.youtube.com/watch?v=TET8q48_i7E"
"[건기식 광고 아카이브] 비에날씬 | 지속가능한 다이어트 문화 이미, 일상","https://www.youtube.com/watch?v=oNaUmDeimCk"
"약사가 말하는 유산균 효과 없었던 이유","https://www.youtube.com/watch?v=8O3f4tAqzNU"
"Glucosamine 1080x1920","https://www.youtube.com/watch?v=br4QMaiiWWI"
"[덴프스 X 공유] 프리미엄 비타민의 스탠다드 | 비타민 (30s)","https://www.youtube.com/watch?v=Uvh3pLlHp2E"
"디지털 마케팅 전략 | 건기식 광고 설날에 메타 광고 운영을 어떻게 해야 할까? (네이버 협력 광고까지 알려드립니다!) #건기식광고 #마케팅교육","https://www.youtube.com/watch?v=oSSQeLc0YnY"
"[ONWAy] 💪장건강 지키고 싶다면, 프리바이오틱스4000과 함께하세요~ #onway #온웨이몰 #네이버쇼핑라이브 #네이버 #유산균추천 #유산균 #프리바이오틱스 #장건강","https://www.youtube.com/watch?v=Dqz7wZIg_NE"
"[백세든든] 콘드로이친 비타D정 1박스 500mg 관절영양제, 3개, 60정","https://www.youtube.com/watch?v=c7Xb_Wg66tE"
"GNM자연의품격 | 조정석비타민_꽉 채운 올인원 설계(15s)","https://www.youtube.com/watch?v=Wz2uPK_z6Ys"
"영양제 아무때나 먹으면 돈만 버립니다 16가지 #영양제 #건강상식 #복용시간 #건강정보","https://www.youtube.com/watch?v=oj49FVcR6P8"
"′프리바이오틱스′ 소화 과정에 영향을 받지 않는 핵심 성분? TV정보쇼 알짜왕(alzzaking) 137회","https://www.youtube.com/watch?v=ITqCK-AUeHQ"
"whynotnatural GCM #숏츠 #건강기능식품 #글루코사민콘드로이친MSM","https://www.youtube.com/watch?v=cMNw_iMs45w"
"[풀버전] 20가지 천연 비타민과 미네랄이 빈틈없이 꽉! 제스프리 키위 파티에 초대합니다!🎉 (30초 쇼츠 ver.)","https://www.youtube.com/watch?v=XpkJo5Wjji8"
"가장 핫한 저속노화 영양제 NMN. 아무도 알려주지 않은 3가지 사실","https://www.youtube.com/watch?v=pV7mYxTWTno"
"바르고 자도 되는 꾸안꾸 쌩얼템 3탄✨✈️","https://www.youtube.com/watch?v=N-KH6w0Q0bo"
"관절 환자마다 물어보는 ‘호관원’! 대체 뭐가 들었길래? - 이경석의 척추88 #134","https://www.youtube.com/watch?v=cc7EuOyW6gc"
"[비맥스] 라인업 편 (15”)","https://www.youtube.com/watch?v=YYO1dSkTEf4"
"손태진, 건강기능식품 광고 모델까지 접수한 이유는?","https://www.youtube.com/watch?v=po-oKTotQWc"
"[바이오티] 마시는 프리바이오틱스 애플소다 탄산","https://www.youtube.com/watch?v=NpQPD4QqL70"
"무릎 통증, 허리 통증을 단번에 잡아 주는 이것. 가격과 품질을 다 잡은 이런 제품을 드셔야합니다 (약국용 의약품 콘드로이친)","https://www.youtube.com/watch?v=dwzGuOhdGnY"
"광동 비타500 ZERO with 카리나 - 건강한 ZERO, 비타500 ZERO","https://www.youtube.com/watch?v=ZInecK9ic0A"
"성장판이 끝나고도 무조건 키크는 방법 #shorts","https://www.youtube.com/watch?v=sF3dOE6jEeA"
"데이즈온 오한진 프리바이오틱스 FOS 트리플 출시","https://www.youtube.com/watch?v=Nxn_ImWsPmA"
"healthnutrition GCM #숏츠 #건강기능식품 #글루코사민 #콘드로이친 #MSM","https://www.youtube.com/watch?v=eQiqKg9kBJo"
"GNM자연의품격 | 조정석XGNM멀티팩_건강에 플러스가 되도록","https://www.youtube.com/watch?v=_8Fsbjkys_4"
"눈 영양제가 폐암을 유발 흡연자 필수 시청!  #shorts","https://www.youtube.com/watch?v=suQ06HYcL-U"
"장 건강 사수대 장내 미생물 ‘유익균’의 먹이 프리바이오틱스 [알콩달콩] 7회 20191128","https://www.youtube.com/watch?v=OJs9Ier1FT4"
"[씨스팡]세젤귀 댕댕이 관절 영양제 광고! 중독되셔도 책임 못 집니다?","https://www.youtube.com/watch?v=gWTyBep7pjs"
"[벤포벨S] 어른들의 활력 비타민 벤포벨S_15초","https://www.youtube.com/watch?v=bslxpwk2ZdM"
"콘드로이친 돈 아깝게 왜드세요?진짜 관절염에 효과 좋은 영양제를 알려드립니다.#콘드로이친 #관절영양제 #관절건강","https://www.youtube.com/watch?v=tOvNNrIJLGw"
"유익균을 증식시켜 건강한 장 만드는 ‘프리바이오틱스’ [굿모닝 정보세상] 140회 20200116","https://www.youtube.com/watch?v=P9Z_Sd6Efx4"
"메디트리 | 선우용여 MSM_ 관절 연골 건강 (15s) | 끄떡송 ver.1 관절영양제 옵티MSM","https://www.youtube.com/watch?v=gf6GRL064W8"
"종합비타민 매일 먹으면, 노화 늦춘다… 50초 안에 설명하기","https://www.youtube.com/watch?v=fHvwopwcg4I"
"코어가 다른 유산균, CJ 바이오코어 with. 화사(HWASA)","https://www.youtube.com/watch?v=teO787Gil1w"
"장 건강을 위해 꾸준히 먹는 〔프리바이오틱스〕  [알콩달콩] 36회 20200618","https://www.youtube.com/watch?v=TiOjNLgouZs"
"hy 관절토탈케어 '관절은 함께 움직이니까' 광고캠페인","https://www.youtube.com/watch?v=hzgYTw3KQis"
"하루 1판 올인원 뉴트리션 멀티비타민+","https://www.youtube.com/watch?v=lQYPnbcxeTE"
"하루 1팩, 단3알 #종합영양제 #데일리밸런스원","https://www.youtube.com/watch?v=tjmh7U64v4w"
"고학년 뚜아 언니의 왓츠인마이백 대공개 ㅋㅋ 가방에 뭐가 들었을까~???","https://www.youtube.com/watch?v=VEYq3efG5ig"
"관절이 좋아지는 음식 Top3 #건강 #관절 #오메가3 #글루코사민","https://www.youtube.com/watch?v=imaB2RKhONg"
"다이소 신상 프레스팝 멀티비타민!! 사과맛, 포도맛 두가지인데 비타민도 7종이나 들어있고 생각보다 꽤 맛있으니까 발견하면 드셔보세욬ㅋㅋㅋ 잘안터져서 꾹 눌러야함 주의;;ㅋㅋ#다이소","https://www.youtube.com/watch?v=pZ46lzTv-XE"
"🎁 어린이날 영양제, '키 크는 약' 광고에 속지 마세요! 약사 엄마의 필수 영양제 가이드 💊","https://www.youtube.com/watch?v=v0-gS6GiAts"
"7 더블액션 프리바이오틱스 플러스 제품정보","https://www.youtube.com/watch?v=aKP2yqF8Gw4"
"최고의 관절영양제 피크노제놀을 알려드립니다. #약국 #관절건강 #관절영양제","https://www.youtube.com/watch?v=l33pc6ktYNU"
"[비타500 X 윤아] 나의 굿럭에너지 비타500","https://www.youtube.com/watch?v=voEeBgSMb1Q"
"영양제 뭐 먹을지 헷갈릴 땐 그냥 이렇게 드세요 (가성비 직구 영양제 조합)","https://www.youtube.com/watch?v=wETNDwqbSBA"
"대장을 위해서는? 유산균 vs 비피더스","https://www.youtube.com/watch?v=dtugInzVEao"
"ఇది *VESTIGE VEG GLUCOSAMINE* జాయింట్స్ హెల్త్ సప్లిమెంట్  💊🦴","https://www.youtube.com/watch?v=lo3iVJjpAX8"
"센트룸 멀티 구미 – 맛은 원더풀, 영양은 멀티풀! (6s)_C","https://www.youtube.com/watch?v=x_i9GBnyxA4"
"현직 약사가 추천하는 꼭 챙겨 먹는 영양제","https://www.youtube.com/watch?v=wHzr5PxxOvk"
"[BNR Queen 비에날퀸] X세대의 다이어트 유산균 비에날퀸 BNR17® | 30s l AceBiome","https://www.youtube.com/watch?v=ekrun2ra8Ys"
"[센트룸] NEW 센트룸 타마플렉스 올인원 관절∙연골∙근육 (15'' TVC)","https://www.youtube.com/watch?v=m_w5BCSok00"
"[아임비타] 한 샷으로 바뀌는 에너지, 원 샷 원데이!","https://www.youtube.com/watch?v=zk2qw1DvI54"
"AI로 제작한 프리미엄 영양제 광고 영상","https://www.youtube.com/watch?v=weqBCrnBDWI"
"'프리바이오틱스'의 놀라운 체중 감량 효과 | 행복한 아침 397 회","https://www.youtube.com/watch?v=floo6SKOwBU"
"vitamatic GCM #숏츠 #건강기능식품 #글루코사민 #콘드로이친 #MSM","https://www.youtube.com/watch?v=nYHGi7slG7o"
"영양제의 실체와 진실, 전혀 효과가 없습니다 (정희원 교수)","https://www.youtube.com/watch?v=wy8T-kai1QM"
"데이즈온 오한진 프리바이오틱스 FOS 트리플","https://www.youtube.com/watch?v=jBjz6-MUDuk"
"손가락 관절에 도움되는 운동 알려주세요! #Shorts","https://www.youtube.com/watch?v=odYP3pI-YqM"
"🩷 영양제? 전 이 3개만 먹어요!","https://www.youtube.com/watch?v=xc4zRlwL-N8"
"유산균 증식 뭔지 알아요? 코어가 다른 유산균 CJ 바이오코어! with. 화사(HWASA)","https://www.youtube.com/watch?v=jlL0yGkCvOw"
"naturesaid GCM #숏츠 #건강기능식품 #글루코사민 #콘드로이친 #MSM","https://www.youtube.com/watch?v=p1ia3937qCg"
"너무 비싸요... 영양제 3개만 골라주세요! #shorts","https://www.youtube.com/watch?v=xeB3ZyDkGR4"
"유산균 마시고 안에서 키우자! 듀오안 사과맛 출시! with 박서준","https://www.youtube.com/watch?v=kqc9nYO2Ego"
"softbear GCM2 #숏츠 #건강기능식품 #글루코사민콘드로이친MSM","https://www.youtube.com/watch?v=p8OAnNpR3kw"
"[건기식 광고 아카이브] 맥널티바이오 기업 홍보영상","https://www.youtube.com/watch?v=yHnoEoLe3vU"
"더존건강 프리바이오틱스 CF 20's","https://www.youtube.com/watch?v=n0YCozlc2Ho"
"관절영양제의 진실 #무릎통증 #관절영양제 #콘드로이친 #글루코사민 #신재활 #연골재생","https://www.youtube.com/watch?v=qRaOSqM-bl4"
"[건기식 광고 아카이브] 건강, 이제 한 팩으로 맞추자! 생애주기 맞춤 올인원, 센트룸 원데이팩","https://www.youtube.com/watch?v=z_-jZjShcyo"
"유산균 광고 영상","https://www.youtube.com/watch?v=sGWJBwknuTA"
"arazo GCM #숏츠 #건강기능식품 #글루코사민 #콘드로이친 #MSM","https://www.youtube.com/watch?v=qxkm6yGIJyg"
"[건강기능식품 광고 아카이브] 관절엔 관절팔팔, 7년 연속 매출 1위 씨스팡","https://www.youtube.com/watch?v=-56FN2YCC-I"
"오한진 프리바이오틱스 FOS 플러스","https://www.youtube.com/watch?v=sq4HnGXZ0bg"
"lickshine GCM #숏츠 #건강기능식품 #글루코사민 #콘드로이친 #MSM","https://www.youtube.com/watch?v=sJRaukT_L4s"
"유산균 사먹는 것보다 더 좋은 '이것' #shorts","https://www.youtube.com/watch?v=0MxCYMkRbs4"
"예뻐지고 싶어? 마시는 프리바이오틱스 바이오티","https://www.youtube.com/watch?v=toq0JEXlE60"
"메디트리 | 선우용여의 관절건강비법_관절 연골 골다공증 발생위험감소를 한번에! 관절영양제 옵티MSM","https://www.youtube.com/watch?v=vGdi6IEehJk"
"태국이 만든 건강보조식품 광고[지식현타]","https://www.youtube.com/watch?v=268npINSctI"
"[관절 영양제ㅣ진짜 효과] 연골 좋아질까?ㅣ이 영상으로 싹 다 정리해 드립니다!! #콘드로이친 #보스웰리아","https://www.youtube.com/watch?v=xrrBtNu9UTs"
"건강식품 SNS 바이럴 광고 영상","https://www.youtube.com/watch?v=4VdSLaqnmzo"
"j&nnaturals GCM #숏츠 #건강기능식품 #글루코사민 #콘드로이친 #MSM","https://www.youtube.com/watch?v=xtqUYpKvPTM"
"당류가공품을 건강기능식품처럼 오인하게 하는 부당광고 등 적발조치 [식약처 온라인 시민감시단]","https://www.youtube.com/watch?v=4hByEkCwUKQ"
"lickshine GCM2 #숏츠 #건강기능식품 #글루코사민콘드로이친MSM","https://www.youtube.com/watch?v=zK1jB3WDakk"
"단호박을 먹으면 없어지는 질병 3가지 - 50대 중년 이후 필수 건강 관리 방법","https://www.youtube.com/watch?v=EnGHjyycn04"
"관절 영양제 이거 하나만 드셔도 충분합니다. (허리,어깨,손목등 관절통증, 염증, 부종을 개선 시켜주는 관절 영양제)","https://www.youtube.com/watch?v=zufX-PrB-FU"
"정식품 그린비아 TVCF(15s ver)","https://www.youtube.com/watch?v=KSFMJJpkX-w"
"건강식품이라고 광고하지만 초가공식품인 음식들!","https://www.youtube.com/watch?v=LPMa4oC5JSY"
"""마시는 위고비?""...다이어트 표방 식품 16개 전 제품 '부당광고' / YTN","https://www.youtube.com/watch?v=Py8JdlXdBEI"
"이혜정의 다이어트 루틴, 아침엔 꼭 이거 한 컵! #이혜정 #빅마마 #다이어트 #레시피","https://www.youtube.com/watch?v=TduaEL3h9VY"
"송가인, 광고는 가인이어라! 건강 식품도 대세","https://www.youtube.com/watch?v=VBlwqWvj_BI"
"[건강기능식품 광고 아카이브] 뉴오리진 코어리셋 프로틴 ""근육건강관리는 하나, 둘, 셋 코어리셋""","https://www.youtube.com/watch?v=V_xnUZU91XQ"
"등산이나 러닝하시는 분들 뭐 챙겨드세요❓","https://www.youtube.com/watch?v=c1SC-mZhsLo"
"건강식품 병맛광고 영상 기획방법 공개합니다 !","https://www.youtube.com/watch?v=cE3Tp-wNwEo"
"식품회사 CEO의 깐깐한 선택 ⚠️  코스트코 식용유, 이거 말고 저거 사세요!","https://www.youtube.com/watch?v=fyoucjgTbcM"
"무료체험이라더니 ""1개빼고 돈 내라""…건강식품 상술 주의","https://www.youtube.com/watch?v=hJMSOWYzuec"
"엘리트 건강식품 블루비다","https://www.youtube.com/watch?v=hsu-oj0xxSs"
"[AI 광고] 퇴근 후에 맥주? 왜 꼭 마셔? 이제 깨봐요. 무음모드ON","https://www.youtube.com/watch?v=iB-KCw5SqZA"
"전립선 보조 식품들이 전립선 건강에 도움을주나요?","https://www.youtube.com/watch?v=lQtAUxGxU1I"
"[건강기능식품 광고 아카이브] 당신을 위한 건강맞춤, 안국건강 소개 영상","https://www.youtube.com/watch?v=n9XkqLHt9Mc"
"키 성장·관절에 좋다더니 건강식품 허위 광고 274건 적발 [이슈픽]","https://www.youtube.com/watch?v=ovOngKcdkCI"
"태웅식품 기업광고 [Brand ENG] 건강기능식품 전문기업","https://www.youtube.com/watch?v=qjJjf3MF3uo"
"[미니막스] 엄마와 아이가 함께 통한 건강기능식품은?","https://www.youtube.com/watch?v=tJsolLTYy7s"
"[TV광고] 우유자조금 2026 TV광고 '우유는 신선식품입니다'","https://www.youtube.com/watch?v=tKNmIjOctjI"
"키 성장·관절에 좋다더니…건강식품 허위 광고 274건 적발 [굿모닝MBN]","https://www.youtube.com/watch?v=xuohVfUf9tQ"
"[건강기능식품 광고 아카이브] 당신의 버킷리스트는? 관절연골엔 보스웰리아","https://www.youtube.com/watch?v=y_0fmF3xgck"
"뉴트리라이트 건강기능식품 전세계판매1위","https://www.youtube.com/watch?v=zq38hbXPADY"
"[건강기능식품 광고 아카이브] 내 손안의 건강비서, 개인맞춤영양","https://www.youtube.com/watch?v=60RAqjNz2ZY"
"[건강기능식품 광고 아카이브] 흡수력 높은 퍼멘진 발효홍삼, 다르긴 다르지?","https://www.youtube.com/watch?v=SaMPfCzIKDw"
"[건물보] 건강기능식품 ‘소비자의 후기’ 광고 가능할까?","https://www.youtube.com/watch?v=_0Gljn8aMjA"
"'다이어트 약' 등 건강기능식품 부당광고 547건 적발 / YTN 사이언스","https://www.youtube.com/watch?v=bKABEyL5MgM"
"[건강기능식품 광고 아카이브] 흡수력 높은 퍼멘진 발효홍삼, 다르긴 다르지?","https://www.youtube.com/watch?v=g-JbKI3VyZA"
"유재석도 당했다! 도 넘은 SNS 건강기능식품 광고  #시사기획창 #건강기능식품 #의사 #약사 #한의사 #한약사 # 개발 #마케팅 #홍보 #SNS #다이어트 #비만 #영양","https://www.youtube.com/watch?v=vw-oWAI99nI"
"건강기능식품 아이칸광고1","https://www.youtube.com/watch?v=y-Emaqc_AoI"
"이 시국 추석의 건강기능식품 광고법 | 정관장 - 올 추석엔 면역력을 선물하세요 유지태 편 #오늘의광고","https://www.youtube.com/watch?v=yvsAWEuSQ6A"
"(광고)다이소가면 이 영양제 꼭 담아오세요","https://www.youtube.com/watch?v=9oWvxfdO6kk"
"[건기식 광고 아카이브] 모두가 속편~한 락토프리 단백질, 셀렉스 코어프로틴 락토프리","https://www.youtube.com/watch?v=9vjEZCgs6Ug"
"먹으면 독이되는 영양제, 제발 '이건' 먹지 마세요 (서울아산병원 정희원 교수)","https://www.youtube.com/watch?v=FGLNpbHTxC4"
"약사도 추천하는 티파니, 전종서, 정선아 기력회복 영양제","https://www.youtube.com/watch?v=N5LIdAW_Lxg"
"키성장영양제 종근당건강 아이커CF (30초)","https://www.youtube.com/watch?v=P3FAfB8PWtk"
"혈관 뚫어주는 영양제 TOP3 #shorts","https://www.youtube.com/watch?v=PygdPX6bpHY"
"[건기식 광고 아카이브] 지금은 하이뮨 시대, 하이뮨 프로틴밸런스","https://www.youtube.com/watch?v=Q0jMpNC8hKs"
"“키 성장 영양제”…부당 광고·판매글 219건 적발 / KBS  2025.10.22.","https://www.youtube.com/watch?v=QODikIx93Ik"
"김강우 X 마이메이트 멀티 비타민 영양제 광고 / Kimkangwoo x mymate / 순수청담본점 광고 헤어메이크업","https://www.youtube.com/watch?v=T9gJQ8J8VLs"
"[건기식 광고 아카이브] 태양의 알로에 유니베라 슈퍼겔 맥스","https://www.youtube.com/watch?v=WLfMEmR3ZF4"
"먹어본 다이어트 보조제 중 베스트! 💪✨ #다이어트보조제","https://www.youtube.com/watch?v=ZNg_EkKZRYc"
"건강기능식품(건기식) 온라인 마케팅 광고 세팅 운영법(타겟 설정) 매체별 광고 운영 전략 현직 마케터가 알려드립니다! #마케팅교육 #건기식마케팅","https://www.youtube.com/watch?v=_nwCbw_n1t8"
"약사도 놀란 가성비 다이소 영양제?","https://www.youtube.com/watch?v=asBM_7Iw5AM"
"(주)메디오젠 홍보 영상 [건기식 광고 아카이브]","https://www.youtube.com/watch?v=hJROomWbaRU"
"[official] 2026 참 쉽다, 데이팩 올인원영양제 TVC 광고 15s","https://www.youtube.com/watch?v=iEonePuQhtM"
"[건기식 광고 아카이브] 알면 알수록 나를 위해, 듀오락 유산균","https://www.youtube.com/watch?v=is4Lx0CKb0k"
"[건기식 광고 아카이브] 갱년기 건강과 체지방 관리를 한 번에, 비에날 퀸","https://www.youtube.com/watch?v=j2gn9xONdJE"
"혹하게 만드는 다이어트광고들, 사기인지 아닌지 바로 아는 방법","https://www.youtube.com/watch?v=jTd2sLiv7y0"
"의사들이 눈 영양제를 안 먹는 이유?","https://www.youtube.com/watch?v=kycypG2DY-s"
"어린이 키 '쑥쑥'...부당광고 무더기 적발(25.10.22.) #식약처 #식의약품 #영양제 #어린이 #키 #성장 #불법 #부당 #거짓 #과장 #광고 #온라인 #인증마크 #KTV","https://www.youtube.com/watch?v=lJTEjjLqvC8"
"""한달에 1cm씩, 드라마틱해""…키 크는 약 절반이 '거짓말' / SBS 8뉴스","https://www.youtube.com/watch?v=mMuu0Yn8peA"
"📏키 크는 영양제에 대한 📢약사의 소신발언","https://www.youtube.com/watch?v=opmwPaJVbok"
"[건기식 광고 아카이브] 우리아이 첫 액상 철분은 맛있는 닥터라인!","https://www.youtube.com/watch?v=oszfaOO9uiQ"
"키 크는 영양제?…온라인 광고 절반 허위·과장 / SBS","https://www.youtube.com/watch?v=pAu6wRFEsE0"
"건강기능식품 위탁판매 허위과대광고 질병명 알아보기","https://www.youtube.com/watch?v=uaaKZXvCgKs"
"닥터루템 이시형박사의 알부민 플래티넘 마시는 고함량 알부민 영양제 식약청인증 33g, 1박스, 30회분","https://www.youtube.com/watch?v=yu3DMccsZUQ"
"#Shorts / [와글와글] ""너 아프리카 사람이야?"" 황당한 영양제 광고 (2023.07.20/뉴스투데이/MBC)","https://www.youtube.com/watch?v=z8x3eslNLe0"
"[건기식 광고 아카이브] 8년 연속 매출 1위 관절엔 관절팔팔","https://www.youtube.com/watch?v=zptASsSd0nY"
"건강식품 광고! 전문 마케터의 분석과 솔루션 보고 가세요!","https://www.youtube.com/watch?v=9DXSaYHeqpo"
"[건강기능식품 광고 아카이브] 나를 위한 건강한 루틴의 완성, 에브리바이옴 릴렉스","https://www.youtube.com/watch?v=EAeo2q28-Po"
"다단계 아님❌건강기능식품 직원도 반한 찐건강템! #shorts","https://www.youtube.com/watch?v=FoDbCLNDmhQ"
"비만치료제인 줄 알았는데 일반식품…“다이어트 광고 주의” / KBS  2026.02.24.","https://www.youtube.com/watch?v=l-0c_574llM"
"건강보조식품 생생플러스 CF광고","https://www.youtube.com/watch?v=uoBTuH18Tw8"
